-- Insertar datos en la tabla REGIONES
INSERT INTO REGIONES (IDREGION, ORDEN, NOMBREREGION) VALUES
(13, 1, 'Metropolitana de Santiago'),
(15, 2, 'De Arica y Parinacota'),
(01, 3, 'De Tarapacá'),
(02, 4, 'De Antofagasta'),
(03, 5, 'De Atacama'),
(04, 6, 'De Coquimbo'),
(05, 7, 'De Valparaíso'),
(06, 8, 'Del Libertador B. O''Higgins'),
(07, 9, 'Del Maule'),
(08, 10, 'Del Bíobío'),
(16, 11, 'De Ñuble'),
(09, 12, 'De La Araucanía'),
(14, 13, 'De Los Ríos'),
(10, 14, 'De Los Lagos'),
(11, 15, 'De Aisén del Gral. C. Ibáñez del Campo'),
(12, 16, 'De Magallanes y de La Antártica Chilena');


-- Insertar datos en la tabla COMUNAS
INSERT INTO COMUNAS (IDCOMUNA, IDREGION, NOMBRECOMUNA) VALUES
(15101, 15, 'Arica'),
(15102, 15, 'Camarones'),
(15201, 15, 'Putre'),
(15202, 15, 'General Lagos'),
(01101, 01, 'Iquique'),
(01402, 01, 'Camiña'),
(01403, 01, 'Colchane'),
(01404, 01, 'Huara'),
(01405, 01, 'Pica'),
(01401, 01, 'Pozo Almonte'),
(01107, 01, 'Alto Hospicio'),
(02101, 02, 'Antofagasta'),
(02102, 02, 'Mejillones'),
(02103, 02, 'Sierra Gorda'),
(02104, 02, 'Taltal'),
(02201, 02, 'Calama'),
(02202, 02, 'Ollagüe'),
(02203, 02, 'San Pedro de Atacama'),
(02301, 02, 'Tocopilla'),
(02302, 02, 'María Elena'),
(03101, 03, 'Copiapó'),
(03102, 03, 'Caldera'),
(03103, 03, 'Tierra Amarilla'),
(03201, 03, 'Chañaral'),
(03202, 03, 'Diego de Almagro'),
(03301, 03, 'Vallenar'),
(03302, 03, 'Alto del Carmen'),
(03303, 03, 'Freirina'),
(03304, 03, 'Huasco'),
(04101, 04, 'La Serena'),
(04102, 04, 'Coquimbo'),
(04103, 04, 'Andacollo'),
(04104, 04, 'La Higuera'),
(04105, 04, 'Paiguano'),
(04106, 04, 'Vicuña'),
(04201, 04, 'Illapel'),
(04202, 04, 'Canela'),
(04203, 04, 'Los Vilos'),
(04204, 04, 'Salamanca'),
(04301, 04, 'Ovalle'),
(04302, 04, 'Combarbalá'),
(04303, 04, 'Monte Patria'),
(04304, 04, 'Punitaqui'),
(04305, 04, 'Río Hurtado'),
(05101, 05, 'Valparaíso'),
(05102, 05, 'Casablanca'),
(05103, 05, 'Concón'),
(05104, 05, 'Juan Fernández'),
(05105, 05, 'Puchuncaví'),
(05801, 05, 'Quilpué'),
(05107, 05, 'Quintero'),
(05804, 05, 'Villa Alemana'),
(05109, 05, 'Viña del Mar'),
(05201, 05, 'Isla  de Pascua'),
(05301, 05, 'Los Andes'),
(05302, 05, 'Calle Larga'),
(05303, 05, 'Rinconada'),
(05304, 05, 'San Esteban'),
(05401, 05, 'La Ligua'),
(05402, 05, 'Cabildo'),
(05403, 05, 'Papudo'),
(05404, 05, 'Petorca'),
(05405, 05, 'Zapallar'),
(05501, 05, 'Quillota'),
(05502, 05, 'Calera'),
(05503, 05, 'Hijuelas'),
(05504, 05, 'La Cruz'),
(05802, 05, 'Limache'),
(05506, 05, 'Nogales'),
(05803, 05, 'Olmué'),
(05601, 05, 'San Antonio'),
(05602, 05, 'Algarrobo'),
(05603, 05, 'Cartagena'),
(05604, 05, 'El Quisco'),
(05605, 05, 'El Tabo'),
(05606, 05, 'Santo Domingo'),
(05701, 05, 'San Felipe'),
(05702, 05, 'Catemu'),
(05703, 05, 'Llaillay'),
(05704, 05, 'Panquehue'),
(05705, 05, 'Putaendo'),
(05706, 05, 'Santa María'),
(06101, 06, 'Rancagua'),
(06102, 06, 'Codegua'),
(06103, 06, 'Coinco'),
(06104, 06, 'Coltauco'),
(06105, 06, 'Doñihue'),
(06106, 06, 'Graneros'),
(06107, 06, 'Las Cabras'),
(06108, 06, 'Machalí'),
(06109, 06, 'Malloa'),
(06110, 06, 'Mostazal'),
(06111, 06, 'Olivar'),
(06112, 06, 'Peumo'),
(06113, 06, 'Pichidegua'),
(06114, 06, 'Quinta de Tilcoco'),
(06115, 06, 'Rengo'),
(06116, 06, 'Requínoa'),
(06117, 06, 'San Vicente'),
(06201, 06, 'Pichilemu'),
(06202, 06, 'La Estrella'),
(06203, 06, 'Litueche'),
(06204, 06, 'Marchihue'),
(06205, 06, 'Navidad'),
(06206, 06, 'Paredones'),
(06301, 06, 'San Fernando'),
(06302, 06, 'Chépica'),
(06303, 06, 'Chimbarongo'),
(06304, 06, 'Lolol'),
(06305, 06, 'Nancagua'),
(06306, 06, 'Palmilla'),
(06307, 06, 'Peralillo'),
(06308, 06, 'Placilla'),
(06309, 06, 'Pumanque'),
(06310, 06, 'Santa Cruz'),
(07101, 07, 'Talca'),
(07102, 07, 'Constitución'),
(07103, 07, 'Curepto'),
(07104, 07, 'Empedrado'),
(07105, 07, 'Maule'),
(07106, 07, 'Pelarco'),
(07107, 07, 'Pencahue'),
(07108, 07, 'Río Claro'),
(07109, 07, 'San Clemente'),
(07110, 07, 'San Rafael'),
(07201, 07, 'Cauquenes'),
(07202, 07, 'Chanco'),
(07203, 07, 'Pelluhue'),
(07301, 07, 'Curicó'),
(07302, 07, 'Hualañé'),
(07303, 07, 'Licantén'),
(07304, 07, 'Molina'),
(07305, 07, 'Rauco'),
(07306, 07, 'Romeral'),
(07307, 07, 'Sagrada Familia'),
(07308, 07, 'Teno'),
(07309, 07, 'Vichuquén'),
(07401, 07, 'Linares'),
(07402, 07, 'Colbún'),
(07403, 07, 'Longaví'),
(07404, 07, 'Parral'),
(07405, 07, 'Retiro'),
(07406, 07, 'San Javier'),
(07407, 07, 'Villa Alegre'),
(07408, 07, 'Yerbas Buenas'),
(08101, 08, 'Concepción'),
(08102, 08, 'Coronel'),
(08103, 08, 'Chiguayante'),
(08104, 08, 'Florida'),
(08105, 08, 'Hualqui'),
(08106, 08, 'Lota'),
(08107, 08, 'Penco'),
(08108, 08, 'San Pedro de la Paz'),
(08109, 08, 'Santa Juana'),
(08110, 08, 'Talcahuano'),
(08111, 08, 'Tomé'),
(08112, 08, 'Hualpén'),
(08201, 08, 'Lebu'),
(08202, 08, 'Arauco'),
(08203, 08, 'Cañete'),
(08204, 08, 'Contulmo'),
(08205, 08, 'Curanilahue'),
(08206, 08, 'Los Álamos'),
(08207, 08, 'Tirúa'),
(08301, 08, 'Los Ángeles'),
(08302, 08, 'Antuco'),
(08303, 08, 'Cabrero'),
(08304, 08, 'Laja'),
(08305, 08, 'Mulchén'),
(08306, 08, 'Nacimiento'),
(08307, 08, 'Negrete'),
(08308, 08, 'Quilaco'),
(08309, 08, 'Quilleco'),
(08310, 08, 'San Rosendo'),
(08311, 08, 'Santa Bárbara'),
(08312, 08, 'Tucapel'),
(08313, 08, 'Yumbel'),
(08314, 08, 'Alto Biobío'),
(16101, 16, 'Chillán'),
(16102, 16, 'Bulnes'),
(16202, 16, 'Cobquecura'),
(16203, 16, 'Coelemu'),
(16302, 16, 'Coihueco'),
(16103, 16, 'Chillán Viejo'),
(16104, 16, 'El Carmen'),
(16204, 16, 'Ninhue'),
(16303, 16, 'Ñiquén'),
(16105, 16, 'Pemuco'),
(16106, 16, 'Pinto'),
(16205, 16, 'Portezuelo'),
(16107, 16, 'Quillón'),
(16201, 16, 'Quirihue'),
(16206, 16, 'Ránquil'),
(16301, 16, 'San Carlos'),
(16304, 16, 'San Fabián'),
(16108, 16, 'San Ignacio'),
(16305, 16, 'San Nicolás'),
(16207, 16, 'Treguaco'),
(16109, 16, 'Yungay'),
(09101, 09, 'Temuco'),
(09102, 09, 'Carahue'),
(09103, 09, 'Cunco'),
(09104, 09, 'Curarrehue'),
(09105, 09, 'Freire'),
(09106, 09, 'Galvarino'),
(09107, 09, 'Gorbea'),
(09108, 09, 'Lautaro'),
(09109, 09, 'Loncoche'),
(09110, 09, 'Melipeuco'),
(09111, 09, 'Nueva Imperial'),
(09112, 09, 'Padre Las Casas'),
(09113, 09, 'Perquenco'),
(09114, 09, 'Pitrufquén'),
(09115, 09, 'Pucón'),
(09116, 09, 'Saavedra'),
(09117, 09, 'Teodoro Schmidt'),
(09118, 09, 'Toltén'),
(09119, 09, 'Vilcún'),
(09120, 09, 'Villarrica'),
(09121, 09, 'Cholchol'),
(09201, 09, 'Angol'),
(09202, 09, 'Collipulli'),
(09203, 09, 'Curacautín'),
(09204, 09, 'Ercilla'),
(09205, 09, 'Lonquimay'),
(09206, 09, 'Los Sauces'),
(09207, 09, 'Lumaco'),
(09208, 09, 'Purén'),
(09209, 09, 'Renaico'),
(09210, 09, 'Traiguén'),
(09211, 09, 'Victoria'),
(14101, 14, 'Valdivia'),
(14102, 14, 'Corral'),
(14202, 14, 'Futrono'),
(14201, 14, 'La Unión'),
(14203, 14, 'Lago Ranco'),
(14103, 14, 'Lanco'),
(14104, 14, 'Los Lagos'),
(14105, 14, 'Máfil'),
(14106, 14, 'Mariquina'),
(14107, 14, 'Paillaco'),
(14108, 14, 'Panguipulli'),
(14204, 14, 'Río Bueno'),
(10101, 10, 'Puerto Montt'),
(10102, 10, 'Calbuco'),
(10103, 10, 'Cochamó'),
(10104, 10, 'Fresia'),
(10105, 10, 'Frutillar'),
(10106, 10, 'Los Muermos'),
(10107, 10, 'Llanquihue'),
(10108, 10, 'Maullín'),
(10109, 10, 'Puerto Varas'),
(10201, 10, 'Castro'),
(10202, 10, 'Ancud'),
(10203, 10, 'Chonchi'),
(10204, 10, 'Curaco de Vélez'),
(10205, 10, 'Dalcahue'),
(10206, 10, 'Puqueldón'),
(10207, 10, 'Queilén'),
(10208, 10, 'Quellón'),
(10209, 10, 'Quemchi'),
(10210, 10, 'Quinchao'),
(10301, 10, 'Osorno'),
(10302, 10, 'Puerto Octay'),
(10303, 10, 'Purranque'),
(10304, 10, 'Puyehue'),
(10305, 10, 'Río Negro'),
(10306, 10, 'San Juan de la Costa'),
(10307, 10, 'San Pablo'),
(10401, 10, 'Chaitén'),
(10402, 10, 'Futaleufú'),
(10403, 10, 'Hualaihué'),
(10404, 10, 'Palena'),
(11101, 11, 'Coihaique'),
(11102, 11, 'Lago Verde'),
(11201, 11, 'Aisén'),
(11202, 11, 'Cisnes'),
(11203, 11, 'Guaitecas'),
(11301, 11, 'Cochrane'),
(11302, 11, 'O''Higgins'),
(11303, 11, 'Tortel'),
(11401, 11, 'Chile Chico'),
(11402, 11, 'Río Ibáñez'),
(12101, 12, 'Punta Arenas'),
(12102, 12, 'Laguna Blanca'),
(12103, 12, 'Río Verde'),
(12104, 12, 'San Gregorio'),
(12201, 12, 'Cabo de Hornos'),
(12202, 12, 'Antártica'),
(12301, 12, 'Porvenir'),
(12302, 12, 'Primavera'),
(12303, 12, 'Timaukel'),
(12401, 12, 'Natales'),
(12402, 12, 'Torres del Paine'),
(13101, 13, 'Santiago'),
(13102, 13, 'Cerrillos'),
(13103, 13, 'Cerro Navia'),
(13104, 13, 'Conchalí'),
(13105, 13, 'El Bosque'),
(13106, 13, 'Estación Central'),
(13107, 13, 'Huechuraba'),
(13108, 13, 'Independencia'),
(13109, 13, 'La Cisterna'),
(13110, 13, 'La Florida'),
(13111, 13, 'La Granja'),
(13112, 13, 'La Pintana'),
(13113, 13, 'La Reina'),
(13114, 13, 'Las Condes'),
(13115, 13, 'Lo Barnechea'),
(13116, 13, 'Lo Espejo'),
(13117, 13, 'Lo Prado'),
(13118, 13, 'Macul'),
(13119, 13, 'Maipú'),
(13120, 13, 'Ñuñoa'),
(13121, 13, 'Pedro Aguirre Cerda'),
(13122, 13, 'Peñalolén'),
(13123, 13, 'Providencia'),
(13124, 13, 'Pudahuel'),
(13125, 13, 'Quilicura'),
(13126, 13, 'Quinta Normal'),
(13127, 13, 'Recoleta'),
(13128, 13, 'Renca'),
(13129, 13, 'San Joaquín'),
(13130, 13, 'San Miguel'),
(13131, 13, 'San Ramón'),
(13132, 13, 'Vitacura'),
(13201, 13, 'Puente Alto'),
(13202, 13, 'Pirque'),
(13203, 13, 'San José de Maipo'),
(13301, 13, 'Colina'),
(13302, 13, 'Lampa'),
(13303, 13, 'Tiltil'),
(13401, 13, 'San Bernardo'),
(13402, 13, 'Buin'),
(13403, 13, 'Calera de Tango'),
(13404, 13, 'Paine'),
(13501, 13, 'Melipilla'),
(13502, 13, 'Alhué'),
(13503, 13, 'Curacaví'),
(13504, 13, 'María Pinto'),
(13505, 13, 'San Pedro'),
(13601, 13, 'Talagante'),
(13602, 13, 'El Monte'),
(13603, 13, 'Isla de Maipo'),
(13604, 13, 'Padre Hurtado'),
(13605, 13, 'Peñaflor');


-- Insertar datos en la tabla ROLES
INSERT INTO ROLES (IDROL, ROL) VALUES
(1, 'Usuario'),
(2, 'Invitado'),
(3, 'Administrador');


-- Insertar los valores en la tabla FRECUENCIAS
INSERT INTO FRECUENCIAS (IDFRECUENCIA, FRECUENCIA) VALUES
(1, 'Semanalmente'),
(2, 'Cada dos semanas'),
(3, 'Mensualmente'),
(4, 'Trimestralmente'),
(5, 'Semestralmente'),
(6, 'Anualmente');


-- Insertar los valores en la tabla ESPECIES
INSERT INTO ESPECIES (IDESPECIE, NOMBREESPECIE) VALUES
(1, 'Aves'),
(2, 'Conejos'),
(3, 'Exóticos'),
(4, 'Gato'),
(5, 'Perro'),
(6, 'Roedores');

-- Insertar los valores en la tabla RAZAS
INSERT INTO RAZAS (IDRAZA, IDESPECIE, NOMBRERAZA) VALUES
(1, 1, 'Canario'),
(2, 1, 'Cacatúa'),
(3, 1, 'Loro'),
(4, 1, 'Perico'),
(5, 1, 'Agapornis'),
(6, 1, 'Bengalí'),
(7, 1, 'Cernícalo'),
(8, 1, 'Cisne'),
(9, 1, 'Gaviota'),
(10, 1, 'Otra'),
(11, 2, 'Conejo Enano'),
(12, 2, 'Conejo Holland Lop'),
(13, 2, 'Conejo Rex'),
(14, 2, 'Conejo Mini Lop'),
(15, 2, 'Conejo Angora'),
(16, 2, 'Conejo Californiano'),
(17, 2, 'Conejo Netherland Dwarf'),
(18, 2, 'Conejo Lionhead'),
(19, 2, 'Conejo Hotot'),
(20, 2, 'Otra'),
(21, 3, 'Iguana'),
(22, 3, 'Hámster Ruso'),
(23, 3, 'Hámster Sirio'),
(24, 3, 'Gerbil'),
(25, 3, 'Tortuga de tierra'),
(26, 3, 'Tortuga de agua'),
(27, 3, 'Gecko'),
(28, 3, 'Pez Betta'),
(29, 3, 'Pez Globo'),
(30, 3, 'Otra'),
(31, 4, 'Persa'),
(32, 4, 'Siamés'),
(33, 4, 'Maine Coon'),
(34, 4, 'Bengalí'),
(35, 4, 'Sphynx'),
(36, 4, 'Ragdoll'),
(37, 4, 'British Shorthair'),
(38, 4, 'Abisinio'),
(39, 4, 'Escocés Doblado'),
(40, 4, 'Otra'),
(41, 5, 'Labrador'),
(42, 5, 'Bulldog'),
(43, 5, 'Pastor Alemán'),
(44, 5, 'Golden Retriever'),
(45, 5, 'Beagle'),
(46, 5, 'Poodle'),
(47, 5, 'Chihuahua'),
(48, 5, 'Rottweiler'),
(49, 5, 'Dálmata'),
(50, 5, 'Otra'),
(51, 6, 'Cobayo'),
(52, 6, 'Rata'),
(53, 6, 'Ratón'),
(54, 6, 'Chinchilla'),
(55, 6, 'Degú'),
(56, 6, 'Hamster de Roborovski'),
(57, 6, 'Jerbo'),
(58, 6, 'Cuy'),
(59, 6, 'Hámster Chino'),
(60, 6, 'Otra');


-- Insertar los valores en la tabla VACUNAS
INSERT INTO VACUNAS (IDVACUNA, NOMBREVACUNA)
VALUES
(1, 'CPV - Parvovirus Canino, Perros'),
(2, 'CDV - Moquillo Canino, Perros'),
(3, 'Leptospirosis, Perros'),
(4, 'Bordetella - Tos de las Perreras, Perros'),
(5, 'Adenovirus - Hepatitis Infecciosa Canina, Perros'),
(6, 'FPL - Panleucopenia Felina, Gatos'),
(7, 'FeLV - Leucemia Felina, Gatos'),
(8, 'FIV - Virus de la Inmunodeficiencia Felina, Gatos'),
(9, 'PIF - Peritonitis Infecciosa Felina, Gatos'),
(10, 'Myxomatosis, Conejos'),
(11, 'VHD - Enfermedad Vírica Hemorrágica, Conejos'),
(12, 'Vacuna contra Dermatitis por Alergia a Pulgas, Perros y Gatos'),
(13, 'Vacuna preventiva para Pododermatitis en Aves (Bumblefoot)'),
(14, 'Salmonelosis, Reptiles'),
(15, 'Enfermedad Ósea Metabólica, Reptiles'),
(16, 'Enfermedad del Nilo Occidental, Aves'),
(17, 'Enfermedad de Marek, Aves'),
(18, 'Neumonía por Micoplasma, Roedores'),
(19, 'Rabia, Perros y Gatos'),
(20, 'Leishmaniasis, Perros'),
(21, 'Coccidiosis, Roedores'),
(22, 'Aspergilosis, Aves'),
(23, 'Colibacilosis, Aves y Roedores'),
(24, 'Gastroenteritis Viral, Hurones'),
(25, 'Ectoparasitosis, Reptiles');


-- Insertar los valores en la tabla ENFERMEDADES_BASE
INSERT INTO ENFERMEDADES_BASE (IDESNFERMEDAD, NOMBREENFERMEDAD)
VALUES
(1, 'Parvovirus canino'),
(2, 'Moquillo canino'),
(3, 'Leptospirosis'),
(4, 'Tos de las perreras'),
(5, 'Hepatitis infecciosa canina'),
(6, 'Panleucopenia felina'),
(7, 'Leucemia felina'),
(8, 'Virus de la inmunodeficiencia felina (FIV)'),
(9, 'Peritonitis infecciosa felina (PIF)'),
(10, 'Mixomatosis en conejos'),
(11, 'Enfermedad vírica hemorrágica del conejo'),
(12, 'Dermatitis por alergia a pulgas'),
(13, 'Pododermatitis en aves (Bumblefoot)'),
(14, 'Salmonelosis en reptiles'),
(15, 'Enfermedad ósea metabólica en reptiles'),
(16, 'Enfermedad del Nilo Occidental en aves'),
(17, 'Enfermedad de Marek en aves'),
(18, 'Neumonía por micoplasma en roedores'),
(19, 'Rabia'),
(20, 'Leishmaniasis'),
(21, 'Coccidiosis en roedores'),
(22, 'Aspergilosis en aves'),
(23, 'Colibacilosis en aves y roedores'),
(24, 'Gastroenteritis viral en hurones'),
(25, 'Ectoparasitosis en reptiles');


-- Insertar los valores en la tabla CONDICIONES_ALIMENTARIAS
INSERT INTO CONDICIONES_ALIMENTARIAS (IDCONDICION, CONDICIONALIMENTARIA)
VALUES
(1, 'Dieta baja en proteínas - Enfermedades renales, Perros'),
(2, 'Dieta alta en fibra - Diabetes, Perros'),
(3, 'Dieta hipoalergénica - Alergias alimentarias, Perros y Gatos'),
(4, 'Dieta blanda - Problemas gastrointestinales, Perros y Gatos'),
(5, 'Suplementos de omega-3 - Inflamación, Perros y Gatos'),
(6, 'Dieta específica para problemas hepáticos - Enfermedades hepáticas, Perros y Gatos'),
(7, 'Dieta baja en carbohidratos - Diabetes, Gatos'),
(8, 'Alimentos ricos en antioxidantes - Prevención de enfermedades, Gatos'),
(9, 'Dieta específica para conejos - Prevención de problemas digestivos, Conejos'),
(10, 'Dieta alta en proteínas - Rehabilitación de aves enfermas, Aves'),
(11, 'Dieta enriquecida con calcio - Problemas óseos, Reptiles'),
(12, 'Dieta específica para tortugas - Problemas metabólicos, Reptiles'),
(13, 'Dieta equilibrada - Enfermedades del tracto urinario, Gatos'),
(14, 'Dieta con probióticos - Problemas digestivos, Perros y Gatos'),
(15, 'Alimentos específicos para reptiles - Nutrición adecuada, Reptiles'),
(16, 'Dieta baja en sodio - Enfermedades cardíacas, Perros'),
(17, 'Dieta de alta digestibilidad - Recuperación postquirúrgica, Perros y Gatos'),
(18, 'Dieta con suplementos de fibra - Prevención de estreñimiento, Gatos'),
(19, 'Dieta con bajo contenido de grasas - Pancreatitis, Perros y Gatos'),
(20, 'Alimentos específicos para pájaros - Salud aviar, Aves'),
(21, 'Dieta con vitaminas y minerales - Salud general, Reptiles'),
(22, 'Dieta con suplementos de glucosamina - Problemas articulares, Perros'),
(23, 'Dieta blanda y húmeda - Recuperación de cirugía dental, Perros y Gatos'),
(24, 'Dieta rica en proteína animal - Crecimiento y desarrollo, Cachorros y Gatitos'),
(25, 'Dieta con bajo contenido de purinas - Enfermedad de gota, Gatos'),
(26, 'Dieta alta en fibra - Prevención de bolas de pelo, Gatos'),
(27, 'Dieta con ingredientes limitados - Alergias severas, Perros'),
(28, 'Alimentos para reptiles con alto contenido de humedad - Hidratación, Reptiles'),
(29, 'Dieta balanceada con omega-6 - Salud de la piel, Perros y Gatos'),
(30, 'Dieta con baja cantidad de carbohidratos - Control de peso, Gatos');

-- Inserciones de registros para la tabla AVATAR_MASCOTAS
INSERT INTO AVATAR_MASCOTAS (IDAVATARMASCOTA, PATHIMAMASCOTA) VALUES
(1, 'AvatarMascota\1.png'),
(2, 'AvatarMascota\2.png'),
(3, 'AvatarMascota\3.png'),
(4, 'AvatarMascota\4.png'),
(5, 'AvatarMascota\5.png'),
(6, 'AvatarMascota\6.png'),
(7, 'AvatarMascota\7.png'),
(8, 'AvatarMascota\8.png'),
(9, 'AvatarMascota\9.png'),
(10, 'AvatarMascota\10.png'),
(11, 'AvatarMascota\11.png'),
(12, 'AvatarMascota\12.png'),
(13, 'AvatarMascota\13.png'),
(14, 'AvatarMascota\14.png'),
(15, 'AvatarMascota\15.png'),
(16, 'AvatarMascota\16.png'),
(17, 'AvatarMascota\17.png'),
(18, 'AvatarMascota\18.png'),
(19, 'AvatarMascota\19.png'),
(20, 'AvatarMascota\20.png'),
(21, 'AvatarMascota\21.png'),
(22, 'AvatarMascota\22.png'),
(23, 'AvatarMascota\23.png'),
(24, 'AvatarMascota\24.png'),
(25, 'AvatarMascota\25.png'),
(26, 'AvatarMascota\26.png'),
(27, 'AvatarMascota\27.png'),
(28, 'AvatarMascota\28.png'),
(29, 'AvatarMascota\29.png'),
(30, 'AvatarMascota\30.png'),
(31, 'AvatarMascota\31.png'),
(32, 'AvatarMascota\32.png'),
(33, 'AvatarMascota\33.png'),
(34, 'AvatarMascota\34.png'),
(35, 'AvatarMascota\35.png'),
(36, 'AvatarMascota\36.png'),
(37, 'AvatarMascota\37.png'),
(38, 'AvatarMascota\38.png'),
(39, 'AvatarMascota\39.png'),
(40, 'AvatarMascota\40.png'),
(41, 'AvatarMascota\41.png'),
(42, 'AvatarMascota\42.png'),
(43, 'AvatarMascota\43.png'),
(44, 'AvatarMascota\44.png'),
(45, 'AvatarMascota\45.png'),
(46, 'AvatarMascota\46.png'),
(47, 'AvatarMascota\47.png'),
(48, 'AvatarMascota\48.png'),
(49, 'AvatarMascota\49.png'),
(50, 'AvatarMascota\50.png'),
(51, 'AvatarMascota\51.png'),
(52, 'AvatarMascota\52.png'),
(53, 'AvatarMascota\53.png'),
(54, 'AvatarMascota\54.png'),
(55, 'AvatarMascota\55.png'),
(56, 'AvatarMascota\56.png'),
(57, 'AvatarMascota\57.png'),
(58, 'AvatarMascota\58.png'),
(59, 'AvatarMascota\59.png'),
(60, 'AvatarMascota\60.png'),
(61, 'AvatarMascota\61.png'),
(62, 'AvatarMascota\62.png'),
(63, 'AvatarMascota\63.png'),
(64, 'AvatarMascota\64.png'),
(65, 'AvatarMascota\65.png'),
(66, 'AvatarMascota\66.png'),
(67, 'AvatarMascota\67.png'),
(68, 'AvatarMascota\68.png'),
(69, 'AvatarMascota\69.png'),
(70, 'AvatarMascota\70.png'),
(71, 'AvatarMascota\71.png'),
(72, 'AvatarMascota\72.png'),
(73, 'AvatarMascota\73.png'),
(74, 'AvatarMascota\74.png'),
(75, 'AvatarMascota\75.png'),
(76, 'AvatarMascota\76.png'),
(77, 'AvatarMascota\77.png'),
(78, 'AvatarMascota\78.png'),
(79, 'AvatarMascota\79.png'),
(80, 'AvatarMascota\80.png'),
(81, 'AvatarMascota\81.png'),
(82, 'AvatarMascota\82.png'),
(83, 'AvatarMascota\83.png'),
(84, 'AvatarMascota\84.png'),
(85, 'AvatarMascota\85.png'),
(86, 'AvatarMascota\86.png'),
(87, 'AvatarMascota\87.png'),
(88, 'AvatarMascota\88.png'),
(89, 'AvatarMascota\89.png'),
(90, 'AvatarMascota\90.png'),
(91, 'AvatarMascota\91.png'),
(92, 'AvatarMascota\92.png'),
(93, 'AvatarMascota\93.png'),
(94, 'AvatarMascota\94.png'),
(95, 'AvatarMascota\95.png'),
(96, 'AvatarMascota\96.png'),
(97, 'AvatarMascota\97.png'),
(98, 'AvatarMascota\98.png'),
(99, 'AvatarMascota\99.png'),
(100, 'AvatarMascota\100.png');


-- Inserciones de registros para la tabla MASCOTAS
INSERT INTO MASCOTAS (IDMASCOTA, IDRAZA, IDAVATARMASCOTA, NOMBRE, FECHANACIMIENTO, SEXO, NUMEROCHIP) VALUES
(1, 1, 1, 'Firulais', '2021-03-15', 'Macho', '1234567890'),
(2, 2, 2, 'Lola', '2020-06-10', 'Hembra', '1234567891'),
(3, 3, 3, 'Rocco', '2019-12-05', 'Macho', '1234567892'),
(4, 1, 4, 'Sofía', '2022-08-20', 'Hembra', '1234567893'),
(5, 4, 5, 'Tobi', '2021-01-01', 'Macho', '1234567894'),
(6, 5, 6, 'Dulce', '2020-05-22', 'Hembra', '1234567895'),
(7, 6, 7, 'Paco', '2018-07-14', 'Macho', '1234567896'),
(8, 2, 8, 'Kira', '2019-11-30', 'Hembra', '1234567897'),
(9, 3, 9, 'Simón', '2021-04-17', 'Macho', '1234567898'),
(10, 4, 10, 'Chica', '2022-02-25', 'Hembra', '1234567899'),
(11, 5, 11, 'Rufus', '2018-09-10', 'Macho', '1234567900'),
(12, 6, 12, 'Bella', '2021-03-18', 'Hembra', '1234567901'),
(13, 1, 13, 'Rocky', '2019-08-05', 'Macho', '1234567902'),
(14, 2, 14, 'Luzia', '2020-12-12', 'Hembra', '1234567903'),
(15, 3, 15, 'Bobby', '2022-05-20', 'Macho', '1234567904'),
(16, 4, 16, 'Maya', '2020-07-01', 'Hembra', '1234567905'),
(17, 5, 17, 'Jasper', '2019-02-14', 'Macho', '1234567906'),
(18, 6, 18, 'Nala', '2021-10-30', 'Hembra', '1234567907'),
(19, 1, 19, 'Rex', '2020-04-25', 'Macho', '1234567908'),
(20, 2, 20, 'Zoe', '2021-01-19', 'Hembra', '1234567909'),
(21, 3, 21, 'Coco', '2018-11-11', 'Macho', '1234567910'),
(22, 4, 22, 'Tina', '2019-06-07', 'Hembra', '1234567911'),
(23, 5, 23, 'Bruno', '2022-09-15', 'Macho', '1234567912'),
(24, 6, 24, 'Gina', '2020-03-20', 'Hembra', '1234567913'),
(25, 1, 25, 'Lucho', '2021-08-23', 'Macho', '1234567914'),
(26, 2, 26, 'Luna', '2020-02-28', 'Hembra', '1234567915'),
(27, 3, 27, 'Toby', '2019-07-19', 'Macho', '1234567916'),
(28, 4, 28, 'Mona', '2022-04-16', 'Hembra', '1234567917'),
(29, 5, 29, 'Simba', '2020-12-29', 'Macho', '1234567918'),
(30, 6, 30, 'Pepa', '2021-05-03', 'Hembra', '1234567919'),
(31, 1, 31, 'Sasha', '2018-10-12', 'Hembra', '1234567920'),
(32, 2, 32, 'Max', '2020-09-09', 'Macho', '1234567921'),
(33, 3, 33, 'Oso', '2021-11-16', 'Macho', '1234567922'),
(34, 4, 34, 'Pochi', '2019-03-18', 'Macho', '1234567923'),
(35, 5, 35, 'Tita', '2021-07-24', 'Hembra', '1234567924'),
(36, 6, 36, 'Fido', '2020-08-04', 'Macho', '1234567925'),
(37, 1, 37, 'Susi', '2019-02-20', 'Hembra', '1234567926'),
(38, 2, 38, 'Rina', '2021-04-10', 'Hembra', '1234567927'),
(39, 3, 39, 'Tony', '2018-12-15', 'Macho', '1234567928'),
(40, 4, 40, 'Canela', '2020-10-11', 'Hembra', '1234567929'),
(41, 5, 41, 'Pepito', '2021-06-08', 'Macho', '1234567930'),
(42, 6, 42, 'Lulu', '2019-01-26', 'Hembra', '1234567931'),
(43, 1, 43, 'Lucky', '2020-03-02', 'Macho', '1234567932'),
(44, 2, 44, 'Gorda', '2021-11-13', 'Hembra', '1234567933'),
(45, 3, 45, 'Hulk', '2020-05-19', 'Macho', '1234567934'),
(46, 4, 46, 'Tobi', '2018-08-23', 'Macho', '1234567935'),
(47, 5, 47, 'Cathy', '2020-04-14', 'Hembra', '1234567936'),
(48, 6, 48, 'Nacho', '2019-10-27', 'Macho', '1234567937'),
(49, 1, 49, 'Nina', '2021-02-18', 'Hembra', '1234567938'),
(50, 2, 50, 'Ringo', '2020-07-21', 'Macho', '1234567939'),
(51, 3, 51, 'Milo', '2018-11-05', 'Macho', '1234567940'),
(52, 4, 52, 'Gigi', '2021-08-28', 'Hembra', '1234567941'),
(53, 5, 53, 'Alfa', '2020-09-12', 'Macho', '1234567942'),
(54, 6, 54, 'Nana', '2019-12-14', 'Hembra', '1234567943'),
(55, 1, 55, 'Lucho', '2021-10-02', 'Macho', '1234567944'),
(56, 2, 56, 'Tina', '2020-06-05', 'Hembra', '1234567945'),
(57, 3, 57, 'Pinky', '2018-05-17', 'Macho', '1234567946'),
(58, 4, 58, 'Mimi', '2021-09-29', 'Hembra', '1234567947'),
(59, 5, 59, 'Zorro', '2019-04-26', 'Macho', '1234567948'),
(60, 6, 60, 'Luna', '2020-01-11', 'Hembra', '1234567949'),
(61, 1, 61, 'Bingo', '2021-07-16', 'Macho', '1234567950'),
(62, 2, 62, 'Flora', '2019-02-08', 'Hembra', '1234567951'),
(63, 3, 63, 'Canelo', '2020-11-12', 'Macho', '1234567952'),
(64, 4, 64, 'Chiquitita', '2021-03-21', 'Hembra', '1234567953'),
(65, 5, 65, 'Hachiko', '2019-05-30', 'Macho', '1234567954'),
(66, 6, 66, 'Lola', '2020-06-16', 'Hembra', '1234567955'),
(67, 1, 67, 'Thor', '2018-09-22', 'Macho', '1234567956'),
(68, 2, 68, 'Yuki', '2021-01-07', 'Hembra', '1234567957'),
(69, 3, 69, 'Diego', '2019-10-03', 'Macho', '1234567958'),
(70, 4, 70, 'Luna', '2022-07-15', 'Hembra', '1234567959'),
(71, 5, 71, 'Maximo', '2018-03-19', 'Macho', '1234567960'),
(72, 6, 72, 'Kiara', '2021-05-29', 'Hembra', '1234567961'),
(73, 1, 73, 'Lenny', '2020-08-04', 'Macho', '1234567962'),
(74, 2, 74, 'Tito', '2019-06-12', 'Macho', '1234567963'),
(75, 3, 75, 'Kiko', '2021-12-09', 'Macho', '1234567964'),
(76, 4, 76, 'Nina', '2022-04-11', 'Hembra', '1234567965'),
(77, 5, 77, 'Jazmín', '2019-03-28', 'Hembra', '1234567966'),
(78, 6, 78, 'Coco', '2020-07-19', 'Macho', '1234567967'),
(79, 1, 79, 'Tango', '2021-10-26', 'Macho', '1234567968'),
(80, 2, 80, 'Tina', '2018-12-05', 'Hembra', '1234567969'),
(81, 3, 81, 'Beto', '2022-05-04', 'Macho', '1234567970'),
(82, 4, 82, 'Lola', '2020-09-18', 'Hembra', '1234567971'),
(83, 5, 83, 'Samu', '2019-01-14', 'Macho', '1234567972'),
(84, 6, 84, 'Luz', '2021-04-22', 'Hembra', '1234567973'),
(85, 1, 85, 'Pipo', '2020-11-03', 'Macho', '1234567974'),
(86, 2, 86, 'Rana', '2018-06-24', 'Hembra', '1234567975'),
(87, 3, 87, 'Gato', '2021-07-08', 'Macho', '1234567976'),
(88, 4, 88, 'Cathy', '2019-04-27', 'Hembra', '1234567977'),
(89, 5, 89, 'Tito', '2020-10-16', 'Macho', '1234567978'),
(90, 6, 90, 'Susi', '2021-09-14', 'Hembra', '1234567979'),
(91, 1, 91, 'Nube', '2022-01-15', 'Hembra', '1234567980'),
(92, 2, 92, 'Tobi', '2019-03-05', 'Macho', '1234567981'),
(93, 3, 93, 'Mickey', '2020-06-30', 'Macho', '1234567982'),
(94, 4, 94, 'Chester', '2018-10-20', 'Macho', '1234567983'),
(95, 5, 95, 'Diana', '2021-12-03', 'Hembra', '1234567984'),
(96, 6, 96, 'Don', '2020-08-27', 'Macho', '1234567985'),
(97, 1, 97, 'Galleta', '2022-11-02', 'Hembra', '1234567986'),
(98, 2, 98, 'Rocco', '2019-05-06', 'Macho', '1234567987'),
(99, 3, 99, 'Tina', '2021-07-29', 'Hembra', '1234567988'),
(100, 4, 100, 'Rocco', '2020-10-08', 'Macho', '1234567989');

-- Inserciones de registros para la tabla REGISTROS_MEDICOS
INSERT INTO REGISTROS_MEDICOS (IDRESGISTROMEDICO, IDMASCOTA, FECHAREGISTRO, HORAREGISTRO, MOTIVO) VALUES
(1, 1, '2023-01-15', '09:30:00', 'Revisión general de salud.'),
(2, 1, '2023-02-20', '09:30:00', 'Control post-operatorio tras cirugía.'),
(3, 1, '2023-03-10', '10:00:00', 'Chequeo de vacunación.'),
(4, 2, '2023-01-16', '14:00:00', 'Vacunación contra parvovirus.'),
(5, 2, '2023-03-15', '14:00:00', 'Revisión dental, se recomienda limpieza.'),
(6, 2, '2023-05-22', '10:30:00', 'Consulta por alergias cutáneas.'),
(7, 3, '2023-01-18', '11:00:00', 'Chequeo general, todo en orden.'),
(8, 3, '2023-02-12', '10:15:00', 'Consulta por problemas gastrointestinales.'),
(9, 3, '2023-04-17', '10:45:00', 'Control de peso, ligera pérdida de peso.'),
(10, 4, '2023-02-01', '12:00:00', 'Consulta por infección de oído.'),
(11, 4, '2023-03-22', '12:30:00', 'Vacunación contra moquillo.'),
(12, 4, '2023-05-25', '14:00:00', 'Revisión post-vacunación, buena respuesta.'),
(13, 5, '2023-01-25', '08:30:00', 'Chequeo de salud general.'),
(14, 5, '2023-03-10', '09:00:00', 'Consulta por dermatitis.'),
(15, 5, '2023-04-29', '11:00:00', 'Control dental, se recomienda limpieza.'),
(16, 6, '2023-02-05', '09:15:00', 'Revisión de salud.'),
(17, 6, '2023-03-18', '13:00:00', 'Consulta por tos persistente.'),
(18, 6, '2023-05-05', '15:00:00', 'Chequeo de vacunas.'),
(19, 1, '2023-06-01', '09:30:00', 'Control de peso.'),
(20, 2, '2023-06-10', '14:00:00', 'Revisión general de salud.'),
(21, 3, '2023-06-15', '10:00:00', 'Consulta por dolor en las patas.'),
(22, 4, '2023-06-20', '11:30:00', 'Control de salud después de cirugía.'),
(23, 5, '2023-07-01', '08:45:00', 'Chequeo de salud general.'),
(24, 6, '2023-07-10', '10:30:00', 'Consulta por problemas de piel.'),
(25, 1, '2023-07-20', '09:00:00', 'Revisión dental.'),
(26, 2, '2023-08-01', '14:00:00', 'Consulta de salud general.'),
(27, 3, '2023-08-10', '10:30:00', 'Control post-operatorio.'),
(28, 4, '2023-08-15', '11:15:00', 'Revisión de vacunas.'),
(29, 5, '2023-08-20', '08:30:00', 'Chequeo de salud general.'),
(30, 6, '2023-09-05', '09:30:00', 'Consulta por tos seca.'),
(31, 1, '2023-09-15', '10:30:00', 'Control de peso.'),
(32, 2, '2023-09-20', '14:00:00', 'Consulta por alergias.'),
(33, 3, '2023-09-25', '11:00:00', 'Chequeo de salud general.'),
(34, 4, '2023-10-05', '09:30:00', 'Revisión dental.'),
(35, 5, '2023-10-10', '08:00:00', 'Chequeo post-vacunación.'),
(36, 6, '2023-10-15', '10:30:00', 'Consulta por problemas digestivos.'),
(37, 1, '2023-11-01', '09:00:00', 'Revisión general.'),
(38, 2, '2023-11-05', '14:00:00', 'Chequeo de salud.'),
(39, 3, '2023-11-10', '10:30:00', 'Control de peso y dieta.'),
(40, 4, '2023-11-15', '11:15:00', 'Consulta por problemas respiratorios.'),
(41, 5, '2023-11-20', '08:00:00', 'Chequeo de salud general.'),
(42, 6, '2023-12-01', '09:30:00', 'Consulta por heridas en las patas.'),
(43, 1, '2023-12-10', '09:00:00', 'Revisión de vacunas.'),
(44, 2, '2023-12-15', '14:00:00', 'Chequeo de salud general.'),
(45, 3, '2023-12-20', '10:30:00', 'Control de peso y dieta.'),
(46, 4, '2023-12-25', '11:15:00', 'Chequeo dental.'),
(47, 5, '2024-01-05', '08:00:00', 'Consulta por alergias.'),
(48, 6, '2024-01-10', '10:30:00', 'Control de salud general.'),
(49, 1, '2024-01-15', '09:30:00', 'Chequeo de salud.'),
(50, 2, '2024-01-20', '14:00:00', 'Revisión dental.'),
(51, 3, '2024-01-25', '10:00:00', 'Consulta por problemas de piel.'),
(52, 4, '2024-02-01', '12:00:00', 'Consulta por infección.'),
(53, 5, '2024-02-05', '14:30:00', 'Chequeo post-vacunación.'),
(54, 6, '2024-02-10', '09:15:00', 'Consulta por problemas respiratorios.'),
(55, 1, '2024-02-15', '10:30:00', 'Control de peso y dieta.'),
(56, 2, '2024-02-20', '08:00:00', 'Chequeo general.'),
(57, 3, '2024-02-25', '14:00:00', 'Consulta por alergias.'),
(58, 4, '2024-03-01', '09:00:00', 'Revisión dental.'),
(59, 5, '2024-03-05', '10:30:00', 'Chequeo de salud general.'),
(60, 6, '2024-03-10', '11:30:00', 'Consulta por heridas en las patas.');


-- Insertar los valores en la tabla AVATAR_USUARIOS
INSERT INTO AVATAR_USUARIOS (IDIMAGENAVATAR, PATHIMAUSUARIO) VALUES
(1, '\AvatarUsuario\1.png'),
(2, '\AvatarUsuario\2.png'),
(3, '\AvatarUsuario\3.png'),
(4, '\AvatarUsuario\4.png'),
(5, '\AvatarUsuario\5.png'),
(6, '\AvatarUsuario\6.png'),
(7, '\AvatarUsuario\7.png'),
(8, '\AvatarUsuario\8.png'),
(9, '\AvatarUsuario\9.png'),
(10, '\AvatarUsuario\10.png'),
(11, '\AvatarUsuario\11.png'),
(12, '\AvatarUsuario\12.png'),
(13, '\AvatarUsuario\13.png'),
(14, '\AvatarUsuario\14.png'),
(15, '\AvatarUsuario\15.png'),
(16, '\AvatarUsuario\16.png'),
(17, '\AvatarUsuario\17.png'),
(18, '\AvatarUsuario\18.png'),
(19, '\AvatarUsuario\19.png'),
(20, '\AvatarUsuario\20.png'),
(21, '\AvatarUsuario\21.png'),
(22, '\AvatarUsuario\22.png'),
(23, '\AvatarUsuario\23.png'),
(24, '\AvatarUsuario\24.png'),
(25, '\AvatarUsuario\25.png'),
(26, '\AvatarUsuario\26.png'),
(27, '\AvatarUsuario\27.png'),
(28, '\AvatarUsuario\28.png'),
(29, '\AvatarUsuario\29.png'),
(30, '\AvatarUsuario\30.png'),
(31, '\AvatarUsuario\31.png'),
(32, '\AvatarUsuario\32.png'),
(33, '\AvatarUsuario\33.png'),
(34, '\AvatarUsuario\34.png'),
(35, '\AvatarUsuario\35.png'),
(36, '\AvatarUsuario\36.png'),
(37, '\AvatarUsuario\37.png'),
(38, '\AvatarUsuario\38.png'),
(39, '\AvatarUsuario\39.png'),
(40, '\AvatarUsuario\40.png'),
(41, '\AvatarUsuario\41.png'),
(42, '\AvatarUsuario\42.png'),
(43, '\AvatarUsuario\43.png'),
(44, '\AvatarUsuario\44.png'),
(45, '\AvatarUsuario\45.png'),
(46, '\AvatarUsuario\46.png'),
(47, '\AvatarUsuario\47.png'),
(48, '\AvatarUsuario\48.png'),
(49, '\AvatarUsuario\49.png'),
(50, '\AvatarUsuario\50.png'),
(51, '\AvatarUsuario\51.png'),
(52, '\AvatarUsuario\52.png'),
(53, '\AvatarUsuario\53.png'),
(54, '\AvatarUsuario\54.png'),
(55, '\AvatarUsuario\55.png'),
(56, '\AvatarUsuario\56.png'),
(57, '\AvatarUsuario\57.png'),
(58, '\AvatarUsuario\58.png'),
(59, '\AvatarUsuario\59.png'),
(60, '\AvatarUsuario\60.png'),
(61, '\AvatarUsuario\61.png'),
(62, '\AvatarUsuario\62.png'),
(63, '\AvatarUsuario\63.png'),
(64, '\AvatarUsuario\64.png'),
(65, '\AvatarUsuario\65.png'),
(66, '\AvatarUsuario\66.png'),
(67, '\AvatarUsuario\67.png'),
(68, '\AvatarUsuario\68.png'),
(69, '\AvatarUsuario\69.png'),
(70, '\AvatarUsuario\70.png'),
(71, '\AvatarUsuario\71.png'),
(72, '\AvatarUsuario\72.png'),
(73, '\AvatarUsuario\73.png'),
(74, '\AvatarUsuario\74.png'),
(75, '\AvatarUsuario\75.png'),
(76, '\AvatarUsuario\76.png'),
(77, '\AvatarUsuario\77.png'),
(78, '\AvatarUsuario\78.png'),
(79, '\AvatarUsuario\79.png'),
(80, '\AvatarUsuario\80.png'),
(81, '\AvatarUsuario\81.png'),
(82, '\AvatarUsuario\82.png'),
(83, '\AvatarUsuario\83.png'),
(84, '\AvatarUsuario\84.png'),
(85, '\AvatarUsuario\85.png'),
(86, '\AvatarUsuario\86.png'),
(87, '\AvatarUsuario\87.png'),
(88, '\AvatarUsuario\88.png'),
(89, '\AvatarUsuario\89.png'),
(90, '\AvatarUsuario\90.png'),
(91, '\AvatarUsuario\91.png'),
(92, '\AvatarUsuario\92.png'),
(93, '\AvatarUsuario\93.png'),
(94, '\AvatarUsuario\94.png'),
(95, '\AvatarUsuario\95.png'),
(96, '\AvatarUsuario\96.png'),
(97, '\AvatarUsuario\97.png'),
(98, '\AvatarUsuario\98.png'),
(99, '\AvatarUsuario\99.png'),
(100, '\AvatarUsuario\100.png');


-- Insertar los valores en la tabla USUARIOS
INSERT INTO USUARIOS (IDUSUARIO, IDROL, IDIMAGENAVATAR, RUT, NOMBREUSUARIO, APELLIDOS, EMAIL, TELEFONO, CONTRASENA, CHKTERMINOS, CHKOFERTAS, ACTIVO) VALUES
(1, 1, 1, '12345678-9', 'Juan', 'Pérez', 'juan.perez@gmail.com', 912345678, 'contrasena123', true, true,true),
(2, 2, 2, '87654321-0', 'María', 'González', 'maria.gonzalez@hotmail.com', 912345679, 'contrasena123', true, false,true),
(3, 1, 1, '12312312-1', 'Carlos', 'Sánchez', 'carlos.sanchez@yahoo.com', 912345680, 'contrasena123', true, true,true),
(4, 2, 2, '32132132-2', 'Ana', 'Fernández', 'ana.fernandez@gmail.com', 912345681, 'contrasena123', true, false,true),
(5, 1, 1, '45645645-3', 'Javier', 'Molina', 'javier.molina@gmail.com', 912345682, 'contrasena123', true, true,true),
(6, 2, 2, '65465465-4', 'Laura', 'Rojas', 'laura.rojas@gmail.com', 912345683, 'contrasena123', true, true,true),
(7, 1, 1, '78978978-5', 'Pedro', 'López', 'pedro.lopez@gmail.com', 912345684, 'contrasena123', true, false,true),
(8, 2, 2, '98798798-6', 'Claudia', 'Hernández', 'claudia.hernandez@gmail.com', 912345685, 'contrasena123', true, true,true),
(9, 1, 1, '32165498-7', 'Sofía', 'Gutiérrez', 'sofia.gutierrez@gmail.com', 912345686, 'contrasena123', true, false,true),
(10, 2, 2, '65412378-8', 'Diego', 'Contreras', 'diego.contreras@hotmail.com', 912345687, 'contrasena123', true, true,true),
(11, 1, 1, '15975324-9', 'Camila', 'Pinto', 'camila.pinto@gmail.com', 912345688, 'contrasena123', true, true,true),
(12, 2, 2, '75315924-0', 'Felipe', 'Salazar', 'felipe.salazar@gmail.com', 912345689, 'contrasena123', true, false,true),
(13, 1, 1, '95175312-1', 'Valentina', 'Silva', 'valentina.silva@gmail.com', 912345690, 'contrasena123', true, true,true),
(14, 2, 2, '35795124-2', 'Matías', 'Cordero', 'matias.cordero@gmail.com', 912345691, 'contrasena123', true, false,true),
(15, 1, 1, '45678912-3', 'Ignacio', 'Morales', 'ignacio.morales@gmail.com', 912345692, 'contrasena123', true, true,true),
(16, 2, 2, '65432178-4', 'Pablo', 'Jara', 'pablo.jara@gmail.com', 912345693, 'contrasena123', true, false,true),
(17, 1, 1, '85214796-5', 'Felipe', 'Cruz', 'felipe.cruz@gmail.com', 912345694, 'contrasena123', true, true,true),
(18, 2, 2, '14725836-6', 'Bárbara', 'Castillo', 'barbara.castillo@gmail.com', 912345695, 'contrasena123', true, false,true),
(19, 1, 1, '25836914-7', 'Matías', 'Maldonado', 'matias.maldonado@gmail.com', 912345696, 'contrasena123', true, true,true),
(20, 2, 2, '36925814-8', 'Rocío', 'Núñez', 'rocio.nunez@gmail.com', 912345697, 'contrasena123', true, false,true),
(21, 1, 1, '12312312-1', 'Joaquín', 'Bravo', 'joaquin.bravo@gmail.com', 912345698, 'contrasena123', true, true,true),
(22, 2, 2, '32132132-2', 'Nicolás', 'Vargas', 'nicolas.vargas@gmail.com', 912345699, 'contrasena123', true, true,true),
(23, 1, 1, '45645645-3', 'Gabriela', 'Aguirre', 'gabriela.aguirre@gmail.com', 912345700, 'contrasena123', true, false,true),
(24, 2, 2, '65465465-4', 'Cristóbal', 'Reyes', 'cristobal.reyes@gmail.com', 912345701, 'contrasena123', true, true,true),
(25, 1, 1, '78978978-5', 'Teresa', 'Bolaños', 'teresa.bolanos@gmail.com', 912345702, 'contrasena123', true, true,true),
(26, 2, 2, '98798798-6', 'Julio', 'Cano', 'julio.cano@gmail.com', 912345703, 'contrasena123', true, false,true),
(27, 1, 1, '32165498-7', 'Eliana', 'Salas', 'eliana.salas@gmail.com', 912345704, 'contrasena123', true, true,true),
(28, 2, 2, '65412378-8', 'Rodrigo', 'Bermúdez', 'rodrigo.bermudez@gmail.com', 912345705, 'contrasena123', true, false,true),
(29, 1, 1, '15975324-9', 'María José', 'Paredes', 'mariajose.paredes@gmail.com', 912345706, 'contrasena123', true, true,true),
(30, 2, 2, '75315924-0', 'Samuel', 'Pérez', 'samuel.perez@gmail.com', 912345707, 'contrasena123', true, false,true),
(31, 1, 1, '95175312-1', 'Diana', 'Fuentes', 'diana.fuentes@gmail.com', 912345708, 'contrasena123', true, true,true),
(32, 2, 2, '35795124-2', 'Ricardo', 'Alcayaga', 'ricardo.alcayaga@gmail.com', 912345709, 'contrasena123', true, false,true),
(33, 1, 1, '45678912-3', 'Álvaro', 'Córdova', 'alvaro.cordova@gmail.com', 912345710, 'contrasena123', true, true,true),
(34, 2, 2, '65432178-4', 'Yasna', 'López', 'yasna.lopez@gmail.com', 912345711, 'contrasena123', true, false,true),
(35, 1, 1, '85214796-5', 'Patricia', 'Mora', 'patricia.mora@gmail.com', 912345712, 'contrasena123', true, true,true),
(36, 2, 2, '14725836-6', 'Juan Pablo', 'Soto', 'juanpablo.soto@gmail.com', 912345713, 'contrasena123', true, false,true),
(37, 1, 1, '25836914-7', 'Natalia', 'Rivas', 'natalia.rivas@gmail.com', 912345714, 'contrasena123', true, true,true),
(38, 2, 2, '36925814-8', 'Esteban', 'Pérez', 'esteban.perez@gmail.com', 912345715, 'contrasena123', true, false,true),
(39, 1, 1, '13579864-9', 'Gabriel', 'Carrasco', 'gabriel.carrasco@gmail.com', 912345716, 'contrasena123', true, true,true),
(40, 2, 2, '24681357-0', 'Isabel', 'Ahumada', 'isabel.ahumada@gmail.com', 912345717, 'contrasena123', true, false,true),
(41, 1, 1, '36914725-1', 'Simón', 'Cáceres', 'simon.caceres@gmail.com', 912345718, 'contrasena123', true, true,true),
(42, 2, 2, '12345679-2', 'Rosario', 'Valenzuela', 'rosario.valenzuela@gmail.com', 912345719, 'contrasena123', true, false,true),
(43, 1, 1, '23456780-3', 'Nicolás', 'Abarca', 'nicolas.abarca@gmail.com', 912345720, 'contrasena123', true, true,true),
(44, 2, 2, '34567891-4', 'Carolina', 'Maldonado', 'carolina.maldonado@gmail.com', 912345721, 'contrasena123', true, false,true),
(45, 1, 1, '45678901-5', 'Rodrigo', 'Urrutia', 'rodrigo.urrutia@gmail.com', 912345722, 'contrasena123', true, true,true),
(46, 2, 2, '56789012-6', 'María Elena', 'Díaz', 'mariaelena.diaz@gmail.com', 912345723, 'contrasena123', true, false,true),
(47, 1, 1, '67890123-7', 'Gonzalo', 'Peña', 'gonzalo.pena@gmail.com', 912345724, 'contrasena123', true, true,true),
(48, 2, 2, '78901234-8', 'Viviana', 'Hernández', 'viviana.hernandez@gmail.com', 912345725, 'contrasena123', true, false,true),
(49, 1, 1, '89012345-9', 'Sergio', 'Cifuentes', 'sergio.cifuentes@gmail.com', 912345726, 'contrasena123', true, true,true),
(50, 2, 2, '90123456-0', 'Elena', 'Alvarado', 'elena.alvarado@gmail.com', 912345727, 'contrasena123', true, false,true),
(51, 1, 1, '11234567-1', 'Alfredo', 'Figueroa', 'alfredo.figueroa@gmail.com', 912345728, 'contrasena123', true, true,true),
(52, 2, 2, '22345678-2', 'Inés', 'Morales', 'ines.morales@gmail.com', 912345729, 'contrasena123', true, false,true),
(53, 1, 1, '33456789-3', 'Héctor', 'Salazar', 'hector.salazar@gmail.com', 912345730, 'contrasena123', true, true,true),
(54, 2, 2, '44567890-4', 'Pía', 'Pérez', 'pia.perez@gmail.com', 912345731, 'contrasena123', true, false,true),
(55, 1, 1, '55678901-5', 'Fernando', 'Tello', 'fernando.tello@gmail.com', 912345732, 'contrasena123', true, true,true),
(56, 2, 2, '66789012-6', 'Patricia', 'Martínez', 'patricia.martinez@gmail.com', 912345733, 'contrasena123', true, false,true),
(57, 1, 1, '77890123-7', 'Joaquín', 'López', 'joaquin.lopez@gmail.com', 912345734, 'contrasena123', true, true,true),
(58, 2, 2, '88901234-8', 'Felipe', 'Bravo', 'felipe.bravo@gmail.com', 912345735, 'contrasena123', true, false,true),
(59, 1, 1, '99012345-9', 'Guadalupe', 'Soto', 'guadalupe.soto@gmail.com', 912345736, 'contrasena123', true, true,true),
(60, 2, 2, '10123456-0', 'Victoria', 'González', 'victoria.gonzalez@gmail.com', 912345737, 'contrasena123', true, false,true),
(61, 1, 1, '11123456-1', 'Marco', 'Urra', 'marco.urra@gmail.com', 912345738, 'contrasena123', true, true,true),
(62, 2, 2, '22234567-2', 'Catalina', 'Silva', 'catalina.silva@gmail.com', 912345739, 'contrasena123', true, false,true),
(63, 1, 1, '33345678-3', 'Ariel', 'Molina', 'ariel.molina@gmail.com', 912345740, 'contrasena123', true, true,true),
(64, 2, 2, '44456789-4', 'Miranda', 'Ríos', 'miranda.rios@gmail.com', 912345741, 'contrasena123', true, false,true),
(65, 1, 1, '55567890-5', 'Nicolás', 'Zúñiga', 'nicolas.zuniga@gmail.com', 912345742, 'contrasena123', true, true,true),
(66, 2, 2, '66678901-6', 'Claudio', 'Aguayo', 'claudio.aguayo@gmail.com', 912345743, 'contrasena123', true, false,true),
(67, 1, 1, '77789012-7', 'Lucía', 'Vera', 'lucia.vera@gmail.com', 912345744, 'contrasena123', true, true,true),
(68, 2, 2, '88890123-8', 'Cristian', 'Valdés', 'cristian.valdes@gmail.com', 912345745, 'contrasena123', true, false,true),
(69, 1, 1, '99901234-9', 'Antonio', 'Jiménez', 'antonio.jimenez@gmail.com', 912345746, 'contrasena123', true, true,true),
(70, 2, 2, '10012345-0', 'Sofia', 'Valencia', 'sofia.valencia@gmail.com', 912345747, 'contrasena123', true, false,true),
(71, 1, 1, '11123456-1', 'Roberto', 'Alvarez', 'roberto.alvarez@gmail.com', 912345748, 'contrasena123', true, true,true),
(72, 2, 2, '12234567-2', 'María Fernanda', 'Aldunate', 'mariafernanda.aldunate@gmail.com', 912345749, 'contrasena123', true, false,true),
(73, 1, 1, '13345678-3', 'Francisco', 'Araya', 'francisco.araya@gmail.com', 912345750, 'contrasena123', true, true,true),
(74, 2, 2, '14456789-4', 'Marisol', 'Orellana', 'marisol.orellana@gmail.com', 912345751, 'contrasena123', true, false,true),
(75, 1, 1, '15567890-5', 'Esteban', 'Rivera', 'esteban.rivera@gmail.com', 912345752, 'contrasena123', true, true,true),
(76, 2, 2, '16678901-6', 'Tamara', 'Galaz', 'tamara.galaz@gmail.com', 912345753, 'contrasena123', true, false,true),
(77, 1, 1, '17789012-7', 'Bruno', 'Ceballos', 'bruno.ceballos@gmail.com', 912345754, 'contrasena123', true, true,true),
(78, 2, 2, '18890123-8', 'Luz', 'Fuentes', 'luz.fuentes@gmail.com', 912345755, 'contrasena123', true, false,true),
(79, 1, 1, '19901234-9', 'Nicolás', 'Pizarro', 'nicolas.pizarro@gmail.com', 912345756, 'contrasena123', true, true,true),
(80, 2, 2, '20012345-0', 'Elisa', 'Montenegro', 'elisa.montenegro@gmail.com', 912345757, 'contrasena123', true, false,true),
(81, 1, 1, '21123456-1', 'Joaquín', 'Rojas', 'joaquin.rojas@gmail.com', 912345758, 'contrasena123', true, true,true),
(82, 2, 2, '22234567-2', 'Verónica', 'Pizarro', 'veronica.pizarro@gmail.com', 912345759, 'contrasena123', true, false,true),
(83, 1, 1, '23345678-3', 'Claudio', 'Cortez', 'claudio.cortez@gmail.com', 912345760, 'contrasena123', true, true,true),
(84, 2, 2, '24456789-4', 'Cecilia', 'Cárcamo', 'cecilia.carcamo@gmail.com', 912345761, 'contrasena123', true, false,true),
(85, 1, 1, '25567890-5', 'Mauricio', 'Fernández', 'mauricio.fernandez@gmail.com', 912345762, 'contrasena123', true, true,true),
(86, 2, 2, '26678901-6', 'Loreto', 'Espinoza', 'loreto.espinoza@gmail.com', 912345763, 'contrasena123', true, false,true),
(87, 1, 1, '27789012-7', 'Francisco', 'Cruz', 'francisco.cruz@gmail.com', 912345764, 'contrasena123', true, true,true),
(88, 2, 2, '28890123-8', 'Samantha', 'Maldonado', 'samantha.maldonado@gmail.com', 912345765,'PASSWORD234', true, false,true),
(89, 1, 1, '29901234-9', 'Daniela', 'Orellana', 'daniela.orellana@gmail.com', 912345766, 'contrasena123', true, true,true),
(90, 2, 2, '30012345-0', 'Jorge', 'González', 'jorge.gonzalez@gmail.com', 912345767, 'contrasena123', true, false,true),
(91, 1, 1, '31123456-1', 'Fernando', 'Marín', 'fernando.marin@gmail.com', 912345768, 'contrasena123', true, true,true),
(92, 2, 2, '32234567-2', 'Alonso', 'Pérez', 'alonso.perez@gmail.com', 912345769, 'contrasena123', true, false,true),
(93, 1, 1, '33345678-3', 'Natalia', 'Montalva', 'natalia.montalva@gmail.com', 912345770, 'contrasena123', true, true,true),
(94, 2, 2, '34456789-4', 'Luis', 'Valdés', 'luis.valdes@gmail.com', 912345771, 'contrasena123', true, false,true),
(95, 1, 1, '35567890-5', 'Cristian', 'Rivas', 'cristian.rivas@gmail.com', 912345772, 'contrasena123', true, true,true),
(96, 2, 2, '36678901-6', 'Carolina', 'Núñez', 'carolina.nunez@gmail.com', 912345773, 'contrasena123', true, false,true),
(97, 1, 1, '37789012-7', 'Álvaro', 'Cruz', 'alvaro.cruz@gmail.com', 912345774, 'contrasena123', true, true,true),
(98, 2, 2, '38890123-8', 'Sofía', 'Rocafuerte', 'sofia.rocafuerte@gmail.com', 912345775, 'contrasena123', true, false,true),
(99, 1, 1, '39901234-9', 'Ricardo', 'Hernández', 'ricardo.hernandez@gmail.com', 912345776, 'contrasena123', true, true,true),
(100, 2, 2, '40012345-0', 'Pablo', 'Cifuentes', 'pablo.cifuentes@gmail.com', 912345777, 'contrasena123', true, false,true);

-- Insertar los valores en la tabla DIRECCIONES
INSERT INTO DIRECCIONES (IDDIRECCION, IDUSUARIO, IDCOMUNA, ALIAS, CALLE, NUMERO, ZIPCODE, REFERENCIAS, PERSONACONTACTO, TELEFONOCONTACTRO) VALUES
(1, 1, 13101,  'Casa de Juan',  'Avenida Libertador Bernardo O’Higgins',  '1234', 8320000,  'Cerca de la estación de metro',  'Juan Pérez',  987654321),
(2, 2, 13102,  'Departamento de María',  'Calle San Francisco',  '567', 8320000,  'Cerca de Plaza Italia',  'María Gómez',  912345678),
(3, 3, 13103,  'Casa de Carlos',  'Calle Uruguay',  '88', 2340000,  'A una cuadra del casino',  'Carlos Fernández',  934567890),
(4, 4, 13104,  'Casa de Laura',  'Avenida Los Conquistadores',  '101', 4030000,  'Cerca del mall',  'Laura Martínez',  965432109),
(5, 5, 13105,  'Casa de Pedro',  'Calle Latorre',  '56', 1240000,  'Cerca del supermercado',  'Pedro López',  876543210),
(6, 6, 13106,  'Casa de Ana',  'Calle Manuel Montt',  '34', 5550000,  'Frente al parque',  'Ana Torres',  876543212),
(7, 7, 13107,  'Casa de José',  'Avenida San Martín',  '78', 3610000,  'Cerca de la plaza',  'José Rojas',  887654321),
(8, 8, 13108,  'Casa de Valentina',  'Calle Central',  '222', 2900000,  'Cerca del terminal de buses',  'Valentina Rivas',  998877665),
(9, 9, 13109,  'Departamento de Felipe',  'Calle Los Álamos',  '99', 2100000,  'Cerca del centro comercial',  'Felipe González',  912334455),
(10, 10, 13110,  'Casa de Camila',  'Avenida Vicuña Mackenna',  '123', 7780000,  'Cerca del hospital',  'Camila Silva',  965432678),
(11, 11, 13111,  'Casa de Nicolás',  'Calle O’Higgins',  '45', 1410000,  'Cerca del parque',  'Nicolás Castillo',  888112233),
(12, 12, 13112,  'Casa de Esteban',  'Avenida República',  '100', 6510000,  'Frente a la universidad',  'Esteban Cárdenas',  998811223),
(13, 13, 13113,  'Casa de Paula',  'Calle del Libertador',  '33', 1660000,  'Cerca de la plaza central',  'Paula Martínez',  912445566),
(14, 14, 13114,  'Casa de Sofía',  'Calle Santiago',  '23', 8450000,  'Cerca del metro',  'Sofía López',  934567891),
(15, 15, 13115,  'Casa de Joaquín',  'Calle Zañartu',  '75', 9030000,  'Cerca del parque',  'Joaquín Bravo',  965433221),
(16, 16, 13116,  'Casa de Mariana',  'Avenida La Florida',  '12', 9900000,  'Cerca de la piscina',  'Mariana Muñoz',  876543217),
(17, 17, 13117,  'Casa de Sebastián',  'Calle Gran Avenida',  '500', 5880000,  'Cerca de la estación de metro',  'Sebastián Pérez',  998877441),
(18, 18, 13118,  'Casa de Claudio',  'Avenida Alemania',  '200', 7750000,  'Cerca del mall',  'Claudio Martínez',  912334546),
(19, 19, 13119,  'Casa de Lucía',  'Calle Príncipe de Gales',  '89', 2320000,  'Cerca del centro comercial',  'Lucía Silva',  965432129),
(20, 20, 13120,  'Casa de Francisco',  'Avenida Los Leones',  '78', 9200000,  'Frente al supermercado',  'Francisco Gutiérrez',  887654310),
(21, 21, 13121,  'Casa de Antonia',  'Calle Los Castaños',  '10', 4120000,  'Cerca de la estación de metro',  'Antonia Morales',  876543214),
(22, 22, 13122,  'Casa de Gonzalo',  'Calle José Pedro Alessandri',  '5', 3130000,  'Cerca del hospital',  'Gonzalo Jara',  998877660),
(23, 23, 13123,  'Casa de Ignacia',  'Avenida La Reina',  '87', 4780000,  'Cerca del parque',  'Ignacia Rodríguez',  912334577),
(24, 24, 13124,  'Casa de Ezequiel',  'Calle Talagante',  '25', 5000000,  'Cerca de la universidad',  'Ezequiel Salazar',  965432910),
(25, 25, 13125,  'Casa de Renata',  'Calle Nueva York',  '33', 8760000,  'Cerca del centro comercial',  'Renata Zúñiga',  876543221),
(26, 26, 13126,  'Casa de Rocío',  'Calle Santa María',  '54', 8450000,  'Cerca de la biblioteca',  'Rocío Pizarro',  987654320),
(27, 27, 13127,  'Casa de Vicente',  'Calle Santiago',  '43', 1400000,  'Cerca de la plaza de armas',  'Vicente Espinoza',  934567892),
(28, 28, 13128,  'Casa de Tomás',  'Avenida San José',  '99', 8030000,  'Frente al mall',  'Tomás González',  965432911),
(29, 29, 13129,  'Casa de Mónica',  'Calle Maipú',  '2', 2140000,  'Cerca del metro',  'Mónica Aravena',  876543214),
(30, 30, 13130,  'Casa de Ricardo',  'Avenida Ossa',  '11', 6400000,  'Cerca de la universidad',  'Ricardo Bravo',  998877661),
(31, 31, 13131,  'Casa de Matías',  'Calle Los Chilenos',  '90', 4000000,  'Cerca del centro',  'Matías Díaz',  912334588),
(32, 32, 13132,  'Casa de Daniela',  'Calle Vicente Pérez Rosales',  '56', 9800000,  'Cerca de la plaza',  'Daniela González',  965432910),
(33, 33, 13201,  'Casa de Sergio',  'Avenida Independencia',  '21', 9100000,  'Cerca del super',  'Sergio Cordero',  876543223),
(34, 34, 13202,  'Casa de Valeria',  'Calle Serrano',  '22', 4500000,  'Cerca del centro comercial',  'Valeria Castro',  998877662),
(35, 35, 13203,  'Casa de Andrés',  'Avenida San Ramón',  '67', 8120000,  'Cerca del hospital',  'Andrés Vega',  912334599),
(36, 36, 13301,  'Casa de Natalia',  'Calle Luis Pasteur',  '12', 6000000,  'Cerca de la universidad',  'Natalia Salgado',  965432912),
(37, 37, 13302,  'Casa de Felipe',  'Calle de los Enamorados',  '45', 2500000,  'Cerca del parque',  'Felipe Acuña',  876543225),
(38, 38, 13303,  'Casa de Clara',  'Avenida Lo Espejo',  '90', 4500000,  'Cerca del mall',  'Clara Ramírez',  987654321),
(39, 39, 13401,  'Casa de Octavio',  'Calle Agustinas',  '5', 6400000,  'Cerca de la plaza',  'Octavio Herrera',  934567894),
(40, 40, 13402,  'Casa de Berta',  'Avenida Irarrazabal',  '80', 8900000,  'Cerca del metro',  'Berta González',  965432913),
(41, 41, 13403,  'Casa de Ema',  'Calle Santa Rosa',  '123', 2100000,  'Cerca del parque',  'Ema Araya',  876543226),
(42, 42, 13404,  'Casa de Hugo',  'Avenida Colón',  '66', 3400000,  'Frente a la universidad',  'Hugo Pérez',  998877663),
(43, 43, 13501,  'Casa de Paula',  'Calle Eduardo Castillo Velasco',  '3', 5550000,  'Cerca de la piscina',  'Paula Chacón',  912334511),
(44, 44, 13502,  'Casa de Raúl',  'Avenida Pedro de Valdivia',  '18', 6650000,  'Cerca del centro comercial',  'Raúl Ceballos',  965432914),
(45, 45, 13503,  'Casa de Mercedes',  'Calle de los Trabajadores',  '9', 7770000,  'Cerca del parque',  'Mercedes Ruiz',  876543227),
(46, 46, 13504,  'Casa de Matilda',  'Avenida Presidente Kennedy',  '200', 8000000,  'Cerca del super',  'Matilda Córdova',  998877664),
(47, 47, 13505,  'Casa de Leonor',  'Calle Badajoz',  '13', 6800000,  'Cerca del metro',  'Leonor Ortega',  912334522),
(48, 48, 13601,  'Casa de Christian',  'Calle Lota',  '37', 2010000,  'Cerca del hospital',  'Christian Arriagada',  965432915),
(49, 49, 13602,  'Casa de Trinidad',  'Avenida Los Alpes',  '22', 3780000,  'Cerca del centro comercial',  'Trinidad Morales',  876543228),
(50, 50, 13603,  'Casa de Leandro',  'Calle San Isidro',  '99', 8540000,  'Cerca de la plaza central',  'Leandro Palma',  987654322),
(51, 51, 13604,  'Casa de Natalia',  'Avenida Príncipe de Gales',  '20', 2040000,  'Cerca del super',  'Natalia Méndez',  934567895),
(52, 52, 13605,  'Casa de Cristóbal',  'Calle Santiago',  '31', 9950000,  'Cerca del parque',  'Cristóbal Romero',  965432916),
(53, 53, 13101,  'Casa de Marisol',  'Calle Los Maquis',  '8', 1200000,  'Cerca de la universidad',  'Marisol Cuadrado',  876543229),
(54, 54, 13102,  'Casa de Iván',  'Avenida Los Abetos',  '74', 4400000,  'Cerca del centro comercial',  'Iván Aguirre',  998877665),
(55, 55, 13103,  'Casa de Clara',  'Calle Los Encinos',  '19', 3500000,  'Cerca del metro',  'Clara Jara',  912334533),
(56, 56, 13104,  'Casa de Ramón',  'Calle Los Cipreses',  '30', 7250000,  'Cerca del parque',  'Ramón Navarro',  965432917),
(57, 57, 13105,  'Casa de Gabriel',  'Avenida San Luis',  '14', 6410000,  'Cerca de la plaza',  'Gabriel Toledo',  876543230),
(58, 58, 13106,  'Casa de Susana',  'Calle Los Ríos',  '76', 2330000,  'Cerca del hospital',  'Susana Morales',  998877666),
(59, 59, 13107,  'Casa de César',  'Calle Los Claveles',  '44', 4510000,  'Cerca del super',  'César Aravena',  912334544),
(60, 60, 13108,  'Casa de Carla',  'Calle María Elena',  '10', 3210000,  'Cerca de la universidad',  'Carla Álvarez',  965432918),
(61, 61, 13109,  'Casa de Diego',  'Calle Estadio',  '28', 4500000,  'Cerca del parque',  'Diego Figueroa',  876543231),
(62, 62, 13110,  'Casa de María',  'Calle Chile',  '55', 9100000,  'Cerca de la piscina',  'María López',  987654323),
(63, 63, 13111,  'Casa de Joaquín',  'Calle Sierra Bella',  '85', 6100000,  'Cerca del metro',  'Joaquín Díaz',  934567896),
(64, 64, 13112,  'Casa de Teresa',  'Avenida Pajaritos',  '62', 7700000,  'Cerca del centro comercial',  'Teresa Ramos',  965432919),
(65, 65, 13113,  'Casa de Simón',  'Calle Libertador',  '32', 4100000,  'Cerca de la universidad',  'Simón Carrasco',  876543232),
(66, 66, 13114,  'Casa de Gustavo',  'Avenida Salvador Allende',  '71', 7900000,  'Cerca del parque',  'Gustavo Salazar',  998877667),
(67, 67, 13115,  'Casa de Javier',  'Calle de los Espejos',  '47', 5550000,  'Cerca del hospital',  'Javier Aguirre',  912334555),
(68, 68, 13116,  'Casa de Romina',  'Calle del Río',  '39', 6340000,  'Cerca de la piscina',  'Romina Morales',  965432920),
(69, 69, 13117,  'Casa de Fabián',  'Calle Maratón',  '18', 2000000,  'Cerca del centro comercial',  'Fabián Pérez',  876543233),
(70, 70, 13118,  'Casa de Araceli',  'Calle Los Frutales',  '6', 7900000,  'Cerca de la plaza',  'Araceli Barrera',  998877668),
(71, 71, 13119,  'Casa de Nicolás',  'Calle de la Paz',  '90', 8650000,  'Cerca del super',  'Nicolás Aguirre',  912334566),
(72, 72, 13120,  'Casa de Rita',  'Calle El Salto',  '23', 9110000,  'Cerca de la universidad',  'Rita Ojeda',  965432921),
(73, 73, 13121,  'Casa de Melisa',  'Calle Recoleta',  '11', 2300000,  'Cerca del parque',  'Melisa Fernández',  876543234),
(74, 74, 13122,  'Casa de Axel',  'Calle Los Pinos',  '17', 3000000,  'Cerca del hospital',  'Axel González',  987654324),
(75, 75, 13123,  'Casa de Amanda',  'Avenida del Libertador',  '33', 6600000,  'Cerca de la plaza',  'Amanda Pinto',  934567897),
(76, 76, 13124,  'Casa de Santos',  'Calle de los Árboles',  '3', 7000000,  'Cerca del centro comercial',  'Santos López',  965432922),
(77, 77, 13125,  'Casa de Sara',  'Avenida Nueva',  '52', 9900000,  'Cerca del super',  'Sara Silva',  876543235),
(78, 78, 13126,  'Casa de Diego',  'Calle Los Arcos',  '64', 2150000,  'Cerca del metro',  'Diego Cifuentes',  998877669),
(79, 79, 13127,  'Casa de Brenda',  'Calle Callejón',  '84', 1000000,  'Cerca de la universidad',  'Brenda Torres',  912334577),
(80, 80, 13128,  'Casa de Ramón',  'Calle Vieja',  '99', 8900000,  'Cerca del parque',  'Ramón Salas',  965432923),
(81, 81, 13129,  'Casa de Anita',  'Avenida del Sol',  '12', 6500000,  'Cerca del hospital',  'Anita Contreras',  876543236),
(82, 82, 13130,  'Casa de Cristian',  'Calle de los Sueños',  '16', 2310000,  'Cerca de la piscina',  'Cristian Morales',  998877670),
(83, 83, 13131,  'Casa de Susana',  'Calle del Arroz',  '34', 7200000,  'Cerca del centro comercial',  'Susana Castro',  912334588),
(84, 84, 13132,  'Casa de Emilio',  'Calle de la Luz',  '99', 8900000,  'Cerca del super',  'Emilio Ríos',  965432924),
(85, 85, 13201,  'Casa de Alan',  'Calle del Agua',  '30', 2100000,  'Cerca de la universidad',  'Alan Soto',  876543237),
(86, 86, 13202,  'Casa de Florencia',  'Avenida Libertador',  '56', 2800000,  'Cerca de la plaza',  'Florencia Quiroz',  987654325),
(87, 87, 13203,  'Casa de Óscar',  'Calle Melancolía',  '77', 5800000,  'Cerca del metro',  'Óscar López',  934567898),
(88, 88, 13301,  'Casa de Franco',  'Calle del Amor',  '43', 3200000,  'Cerca del centro comercial',  'Franco Pérez',  965432925),
(89, 89, 13302,  'Casa de Teresa',  'Calle del Río',  '15', 7500000,  'Cerca del hospital',  'Teresa Vargas',  876543238),
(90, 90, 13303,  'Casa de Óscar',  'Calle de la Esperanza',  '99', 4500000,  'Cerca de la universidad',  'Óscar Salazar',  998877671),
(91, 91, 13401,  'Casa de Ximena',  'Calle del Sol',  '20', 8550000,  'Cerca de la piscina',  'Ximena Herrera',  912334599),
(92, 92, 13402,  'Casa de Gonzalo',  'Avenida del Viento',  '36', 2650000,  'Cerca del parque',  'Gonzalo Rojas',  965432926),
(93, 93, 13403,  'Casa de Patricia',  'Calle del Mar',  '80', 6400000,  'Cerca del metro',  'Patricia Alvarado',  876543239),
(94, 94, 13404,  'Casa de Ramón',  'Calle de la Luz',  '55', 4800000,  'Cerca del centro comercial',  'Ramón Pizarro',  998877672),
(95, 95, 13501,  'Casa de Esteban',  'Calle de la Esperanza',  '72', 7550000,  'Cerca del hospital',  'Esteban González',  912334611),
(96, 96, 13502,  'Casa de Lucas',  'Calle del Ocaso',  '14', 3900000,  'Cerca de la universidad',  'Lucas Morales',  965432927),
(97, 97, 13503,  'Casa de Salomón',  'Calle del Faro',  '44', 8350000,  'Cerca de la plaza',  'Salomón Cortés',  876543240),
(98, 98, 13504,  'Casa de Alonso',  'Calle de la Estrella',  '17', 9700000,  'Cerca de la piscina',  'Alonso Cifuentes',  987654326),
(99, 99, 13505,  'Casa de Carmen',  'Avenida del Encuentro',  '9', 4550000,  'Cerca del metro',  'Carmen Valenzuela',  934567899),
(100, 100, 13601,  'Casa de Ricardo',  'Calle de la Montaña',  '23', 7850000,  'Cerca del centro comercial',  'Ricardo Tapia',  965432928);


-- Insertar los valores en la tabla CATEGORIAS_PRODUCTO
INSERT INTO CATEGORIAS_PRODUCTO (IDCATEGORIA, NOMBRECATEGORIA, DESCRIPCIONCATEGORIA) VALUES
(1, 'Alimento para Perros', 'Productos alimenticios para perros'),
(2, 'Alimento para Gatos', 'Productos alimenticios para gatos'),
(3, 'Alimento para Otras Mascotas', 'Productos alimenticios para aves, peces y exóticos'),
(4, 'Juguetes para Mascotas', 'Juguetes para perros y gatos'),
(5, 'Accesorios para Mascotas', 'Accesorios como camas, collares, arneses, etc.'),
(6, 'Higiene y Salud', 'Productos de higiene y cuidado de la salud para mascotas'),
(7, 'Ropa para Mascotas', 'Ropa y disfraces para mascotas'),
(8, 'Transporte y Movilidad', 'Productos para transporte y movilidad de mascotas'),
(9, 'Suplementos y Cuidados Especiales', 'Suplementos y productos calmantes para mascotas');

-- Insertar los valores en la tabla MARCAS_PRODUCTO
INSERT INTO MARCAS_PRODUCTO (IDMARCA, NOMBREMARCA)
VALUES
(1, 'Royal Canin'),
(2, 'Hill''s Science Diet'),
(3, 'Purina Pro Plan'),
(4, 'Orijen'),
(5, 'Acana'),
(6, 'Blue Buffalo'),
(7, 'Wellness'),
(8, 'Iams'),
(9, 'Nutro'),
(10, 'Taste of the Wild'),
(11, 'Zupreem'),
(12, 'Harrison''s Bird Foods'),
(13, 'Oxbow Animal Health'),
(14, 'Kaytee'),
(15, 'Exotic Nutrition'),
(16, 'Tetra'),
(17, 'Repashy'),
(18, 'Fluker''s'),
(19, 'Nature''s Logic'),
(20, 'Stella & Chewy''s'),
(21, 'Dr. Elsey''s'),
(22, 'PetSafe'),
(23, 'PetFusion'),
(24, 'Pet Naturals'),
(25, 'Tropiclean'),
(26, 'KONG'),  						-- Juguetes para perros
(27, 'Chuckit!'),  					-- Juguetes interactivos para perros
(28, 'Nylabone'),  					-- Juguetes para morder para perros
(29, 'Petco'),  					-- Ropa y accesorios para mascotas
(30, 'Chewy'),  					-- Tienda en línea con productos variados para mascotas
(31, 'BarkBox'),  					-- Caja de juguetes y golosinas para perros
(32, 'ZippyPaws'),  				-- Juguetes y accesorios para perros
(33, 'Outward Hound'),  			-- Juguetes y productos para el cuidado de perros
(34, 'PawHut'),  					-- Ropa y accesorios para mascotas
(35, 'PetSmart'),  					-- Ropa y juguetes para perros y gatos
(36, 'Ruffwear'),  					-- Ropa y accesorios para perros, incluyendo chalecos y arneses
(37, 'Petsmart'),  					-- Productos variados para mascotas
(38, 'Tuffy''s Pet Foods'),  		-- Juguetes para perros muy resistentes
(39, 'Gooby'),  					-- Ropa para perros, especialmente diseñada para razas pequeñas
(40, 'Mammoth'),  					-- Juguetes para perros, especialmente cuerdas
(41, 'Zymox'),  					-- Productos de cuidado para mascotas, incluyendo limpiadores de oídos
(42, 'PetFusion'),  				-- Ropa y juguetes para perros
(43, 'Keenovo'),  					-- Ropa y accesorios para mascotas
(44, 'Frisco'), 				    -- Ropa y accesorios para mascotas
(45, 'Little Paws'),  				-- Ropa y accesorios para perros pequeños
(46, 'Pawsitively Posh Pooch');  	-- Ropa y accesorios de lujo para perros

-- Insertar los valores en la tabla PRODUCTOS
INSERT INTO PRODUCTOS (IDMARCA, IDCATEGORIA, NOMBREPRODUCTO, DESCRIPCION, SKU, PRECIO, STOCK, PESO, TAMANIO, INGREDIENTES, MATERIAL, ACTIVO) VALUES 
(1, 1, 'Royal Canin Size Health Nutrition Medium Adult', 'Comida para perros adultos de tamaño mediano', 'RC001MED', 15000, 100, '15kg', 'Mediano', 'Pollo, arroz, vitaminas', '', 1),
(2, 1, 'Hill''s Science Diet Puppy Large Breed', 'Comida para cachorros de razas grandes', 'HS002LRG', 18000, 50, '18kg', 'Grande', 'Cordero, avena, minerales', '', 1),
(3, 1, 'Purina Pro Plan Focus Adult', 'Fórmula de pollo y arroz para perros adultos', 'PP003ADL', 20000, 150, '12kg', 'Mediano', 'Pollo, arroz, vegetales', '', 1),
(4, 1, 'Orijen Original Dog', 'Alimento para perros alto en proteínas', 'OJ004DOG', 22000, 120, '14kg', 'Mediano', 'Pollo, pavo, pescado', '', 1),
(5, 1, 'Acana Regionals Pacifica', 'Alimento con pescado para perros', 'AC005PAC', 25000, 80, '16kg', 'Mediano', 'Salmón, arenque, langosta', '', 1),
(6, 1, 'Blue Buffalo Wilderness Chicken Recipe', 'Comida seca para perros rica en proteínas', 'BB006WIL', 21000, 60, '13kg', 'Pequeño', 'Pollo, batata, zanahorias', '', 1),
(7, 1, 'Wellness CORE RawRev High-Protein', 'Alimento para perros', 'WC007RAW', 23000, 90, '17kg', 'Grande', 'Pollo, pavo, calabaza', '', 1),
(8, 1, 'Iams ProActive Health Adult', 'Alimento para perros adultos', 'IA008ADL', 16000, 110, '14kg', 'Mediano', 'Pollo, arroz, avena', '', 1),
(9, 1, 'Nutro Ultra Adult Dry Dog Food', 'Comida seca con superalimentos', 'NU009DRY', 19000, 130, '15kg', 'Grande', 'Pollo, arroz integral, cebada', '', 1),
( 10, 1, 'Taste of the Wild High Prairie', 'Fórmula de carne asada para perros', 'TW010HPR', 24000, 140, '16kg', 'Mediano', 'Bisonte, venado, guisantes', '', 1),
( 11, 3, 'Zupreem FruitBlend Flavor for Parrots', 'Alimento para loros con sabores frutales', 'ZP011FRU', 8000, 50, '500g', 'Pequeño', 'Frutas, semillas, vitaminas', '', 1),
( 12, 3, 'Harrison''s Bird Foods High Potency', 'Alimento para aves de alta potencia nutricional', 'HB012HPT', 10000, 70, '1kg', 'Mediano', 'Pechuga de pollo, espinaca, zanahorias', '', 1),
( 13, 3, 'Oxbow Animal Health Western Timothy Hay', 'Heno de timothy occidental para conejos', 'OX013HAY', 5000, 200, '2kg', 'Mediano', '', '', 1),
( 14, 3, 'Kaytee Forti-Diet Pro Health', 'Comida para aves y pequeños mamíferos', 'KT014PHD', 9000, 60, '1kg', 'Pequeño', 'Semillas, hierbas', '', 1),
( 15, 3, 'Exotic Nutrition Sugar Glider Food', 'Alimento para petauros del azúcar', 'EN015SGF', 12000, 40, '700g', 'Mediano', 'Frutas, nueces', '', 1),
( 16, 3, 'TetraMin Tropical Flakes', 'Comida en hojuelas para peces tropicales', 'TT016FLK', 7000, 150, '250g', 'Pequeño', '', '', 1),
( 17, 3, 'Repashy Superfoods Crested Gecko Diet', 'Comida para geckos crestados', 'RS017GKD', 11000, 80, '500g', 'Pequeño', 'Insectos, frutas', '', 1),
( 18, 3, 'Fluker''s High Calcium Cricket Diet', 'Dieta alta en calcio para grillos', 'FL018CCD', 6500, 200, '300g', 'Pequeño', 'Grillos, calcio', '', 1),
( 19, 1, 'Nature''s Logic Canine Beef Meal Feast', 'Comida para perros con carne de res', 'NL019BMF', 21000, 90, '12kg', 'Mediano', 'Carne de res, vegetales', '', 1),
( 20, 1, 'Stella & Chewy''s Freeze-Dried Raw Dinner Patties', 'Pañuelos de cena cruda liofilizada para perros', 'SC020FRD', 23000, 110, '10kg', 'Mediano', 'Pollo, vegetales', '', 1),
( 21, 2, 'Dr. Elsey''s Ultra Cat Litter', 'Arena ultra aglutinante para gatos', 'DE021LIT', 5000, 300, '5kg', 'Pequeño', '', 'Arcilla aglutinante', 1),
( 22, 2, 'PetSafe ScoopFree Self-Cleaning Litter Box', 'Caja de arena autolimpiable para gatos', 'PS022SCL', 15000, 150, '3kg', 'Mediano', '', 'Plástico', 1),
( 23, 2, 'PetFusion Ultimate Cat Scratcher Lounge', 'Rascador de lujo para gatos', 'PF023SCR', 22000, 80, '2kg', 'Grande', '', 'Cartón', 1),
( 24, 9, 'Pet Naturals of Vermont Calming Chews', 'Masticables calmantes para mascotas', 'PN024CAL', 10000, 120, '150g', 'Pequeño', 'Melisa, manzanilla', '', 1),
( 25, 6, 'Tropiclean Fresh Breath Oral Care', 'Cuidado bucal para mascotas', 'TC025FBO', 7000, 200, '200g', 'Mediano', 'Menta, aloe vera', '', 1),
( 26, 4, 'KONG Classic Dog Toy', 'Juguete clásico para perros', 'K026JCT', 5000, 300, '1kg', 'Mediano', '', 'Caucho', 1),
( 27, 4, 'Chuckit! Ultra Ball', 'Pelota ultra para juegos interactivos con perros', 'CU027UB', 6000, 250, '500g', 'Pequeño', '', 'Goma', 1),
( 28, 4, 'Nylabone Dura Chew', 'Juguete para morder de alta resistencia para perros', 'NY028DCH', 5500, 350, '800g', 'Mediano', '', 'Nylon', 1),
( 29, 7, 'Petco Designer Dog Sweater', 'Suéter de diseño para perros', 'PC029SW', 8000, 150, '300g', 'Pequeño', '', 'Algodón', 1),
( 30, 5, 'Chewy Pet Bed', 'Cama para mascotas de Chewy', 'CH030BED', 18000, 100, '2kg', 'Mediano', '', 'Espuma', 1),
( 31, 4, 'BarkBox Super Chewer Toy', 'Juguete para masticadores intensos', 'BB031SCT', 9000, 180, '900g', 'Mediano', '', 'Caucho', 1),
( 32, 4, 'ZippyPaws Plush Dog Toy', 'Juguete de peluche para perros', 'ZP032PLT', 7000, 220, '600g', 'Pequeño', '', 'Algodón', 1),
( 33, 4, 'Outward Hound Interactive Puzzle Toy', 'Juguete interactivo tipo rompecabezas para perros', 'OH033PZL', 12000, 160, '1.5kg', 'Mediano', '', 'Madera', 1),
( 34, 8, 'PawHut Pet Carrier Bag', 'Bolsa de transporte para mascotas', 'PH034TCB', 15000, 130, '800g', 'Mediano', '', 'Tela', 1),
( 35, 7, 'PetSmart Halloween Dog Costume', 'Disfraz de Halloween para perros', 'PS035HDC', 7000, 180, '500g', 'Pequeño', '', 'Poliéster', 1),
( 36, 5, 'Ruffwear Front Range Dog Harness', 'Arnés para perros Front Range', 'RW036FRH', 11000, 100, '1kg', 'Mediano', '', 'Nylon', 1),
( 37, 4, 'Tuffy''s Mega Ring Dog Toy', 'Juguete para perros resistente a mordidas', 'TU037MRD', 13000, 90, '700g', 'Mediano', '', 'Caucho', 1),
( 38, 7, 'Gooby Fleece Dog Vest', 'Chaleco de lana para perros pequeños', 'GB038FDV', 6000, 200, '200g', 'Pequeño', '', 'Fleece', 1),
( 39, 4, 'Mammoth Flossy Chews Cotton Blend Rope', 'Juguete de cuerda de algodón para perros', 'MC039FCR', 4000, 220, '800g', 'Mediano', '', 'Algodón', 1),
( 40, 6, 'Zymox Ear Solution with Hydrocortisone', 'Solución para oídos con hidrocortisona para mascotas', 'ZY040EHS', 5000, 300, '100ml', 'Pequeño', 'Hidrocortisona', '', 1),
( 41, 5, 'PetFusion Memory Foam Dog Bed', 'Cama de espuma viscoelástica para perros', 'PF041FMF', 14000, 110, '3kg', 'Mediano', '', 'Espuma', 1),
( 42, 5, 'Keenovo Heated Pet Pad', 'Almohadilla térmica para mascotas', 'KN042HPD', 12000, 150, '1.2kg', 'Mediano', '', 'Tela', 1),
( 43, 5, 'Frisco Sherpa Blanket', 'Manta de sherpa para mascotas', 'FS043SBL', 6000, 120, '1.5kg', 'Grande', '', 'Sherpa', 1),
( 44, 7, 'Little Paws Dog Sweater', 'Suéter para perros pequeños', 'LP044LDS', 7000, 100, '300g', 'Pequeño', '', 'Algodón', 1),
( 45, 5, 'Pawsitively Posh Pooch Luxury Collar', 'Collar de lujo para perros', 'PP045LPC', 12000, 80, '150g', 'Pequeño', '', 'Cuero', 1),
( 1, 1, 'Royal Canin Veterinary Diet Gastrointestinal Low Fat', 'Comida veterinaria baja en grasa para perros con problemas digestivos', 'RC046GVF', 19000, 130, '10kg', 'Mediano', 'Pechuga de pollo, arroz', '', 1),
( 2, 1, 'Hill''s Science Diet Sensitive Stomach & Skin', 'Comida para perros con estómago y piel sensibles', 'HS047SSS', 17000, 100, '12kg', 'Mediano', 'Pollo, arroz integral', '', 1),
( 3, 1, 'Purina Pro Plan Savor Shredded Blend', 'Comida para perros adultos con mezcla de pollo y arroz', 'PP048SAV', 21000, 90, '14kg', 'Mediano', 'Pollo, arroz, maíz', '', 1),
( 4, 1, 'Orijen Six Fish Dog', 'Alimento para perros con seis tipos de pescado', 'OJ049SIX', 23000, 110, '15kg', 'Mediano', 'Salmón, arenque, bacalao, sardinas', '', 1),
( 5, 1, 'Acana Heritage Meats Formula', 'Alimento con carnes variadas para perros', 'AC050HER', 24000, 100, '16kg', 'Mediano', 'Pechuga de pollo, cordero, pato', '', 1);


-- Insertar los valores en la tabla IMAGENES_PRODUCTOS
INSERT INTO IMAGENES_PRODUCTOS (IDIMAGEN, IDPRODUCTO,PATHIMAPRODUCTOS) VALUES
(1, 1, "https://www.superzoo.cl/on/demandware.static/-/Sites-SuperZoo-master-catalog/default/dwa695bd1e/images/16_m.jpg"),
(2, 1, "https://www.superzoo.cl/on/demandware.static/-/Sites-SuperZoo-master-catalog/default/dw4b806bdb/images/43f3a-medium-adult-04.jpg"),
(3, 1, "https://www.superzoo.cl/on/demandware.static/-/Sites-SuperZoo-master-catalog/default/dw3eb24306/images/3c3a0-medium-adult-03.jpg"),
(4, 2, "https://www.hillspet.cl/content/dam/pim/hills/es_cl/sd/dry/sd-canine-puppy-large-breed-dry-productSpotlight1_500.png"),
(5, 2, "https://www.hillspet.cl/content/dam/pim/hills/es_cl/sd/dry/sd-canine-puppy-large-breed-dry-productShot_zoom.jpg"),
(6, 2, "https://www.hillspet.cl/content/dam/pim/hills/es_cl/sd/dry/sd-canine-puppy-large-breed-dry-productShot_back_zoom.jpg"),
(7, 3, "https://www.clubdeperrosygatos.cl/wp-content/uploads/2021/05/Proplan-Complete-Perro-Adulto-15-Kg.webp"),
(8, 4, "https://europet.cl/wp-content/uploads/2022/04/Orijen-Original-Para-Perro-reverso.jpg"),
(9, 4, "https://europet.cl/wp-content/uploads/2022/04/Orijen-Original-Para-Perro-510x510.jpg"),
(10, 5, "https://www.superzoo.cl/on/demandware.static/-/Sites-SuperZoo-master-catalog/default/dwd093202c/images/d38f5-ds-acana-highest-protein-wild-atlantic-dog-front-13lb.jpg"),
(11, 5, "https://www.superzoo.cl/on/demandware.static/-/Sites-SuperZoo-master-catalog/default/dwd093202c/images/d38f5-ds-acana-highest-protein-wild-atlantic-dog-front-13lb.jpg"),
(12, 5, "https://www.superzoo.cl/on/demandware.static/-/Sites-SuperZoo-master-catalog/default/dw50df449a/images/e9671-ds-acana-highest-protein-wild-atlantic-dog-back-4.5lb.jpg"),
(13, 6, "https://m.media-amazon.com/images/I/91tfGdHhgwL._AC_SL1500_.jpg"),
(14, 6, "https://m.media-amazon.com/images/I/81crrfKRVcL._AC_SL1500_.jpg "),
(15, 6, "https://m.media-amazon.com/images/I/71tL74hlrtL._AC_SL1500_.jpg"),
(16, 7, "https://m.media-amazon.com/images/I/71ORsFGJ2bL._AC_SL1500_.jpg"),
(17, 7, "https://m.media-amazon.com/images/I/71Aq6EXeR4L._AC_SL1500_.jpg"),
(18, 7, "https://m.media-amazon.com/images/I/71+SvuwQXtL._AC_SL1500_.jpg"),
(19, 8, "https://www.petslandia.cl/wp-content/uploads/2022/06/5338531.jpg"),
(20, 9, "https://europet.cl/wp-content/uploads/2022/04/Orijen-Original-Para-Perro-reverso.jpg"),
(21, 9, "https://europet.cl/wp-content/uploads/2022/04/Orijen-Original-Para-Perro-nuevo.jpg"),
(22, 9, "https://europet.cl/wp-content/uploads/2022/04/Orijen-Original-Para-Perro-510x510.jpg"),
(23, 10, "https://rimage.ripley.cl/home.ripley/Attachment/MKP/5861/MPM10000315804/full_image-1.webp"),
(24, 11, "https://s.turbifycdn.com/aah/entirelypets/zupreem-fruitblend-flavor-with-natural-flavors-daily-large-bird-food-3-5-lb-bag-125.jpg"),
(25, 11, "https://s.turbifycdn.com/aah/entirelypets/zupreem-fruitblend-flavor-with-natural-flavors-daily-large-bird-food-3-5-lb-bag-123.jpg"),
(26, 11, "https://s.turbifycdn.com/aah/entirelypets/zupreem-fruitblend-flavor-with-natural-flavors-daily-large-bird-food-3-5-lb-bag-122.jpg"),
(27, 11, "https://m.media-amazon.com/images/I/71j6aCckJEL._AC_SX425_.jpg"),
(28, 12, "https://cdnx.jumpseller.com/k-n-mascotas/image/14040075/resize/540/600?1658266105"),
(29, 13, "https://www.bigos.cl/11710-superlarge_default/oxbow-heno-timothy-4-kg.jpg"),
(30, 13, "https://www.bigos.cl/11709-superlarge_default/oxbow-heno-timothy-4-kg.jpg"),
(31, 14, "https://www.kaytee.com/-/media/Project/OneWeb/Kaytee/US/all-products/pet-bird/forti-diet-pro-health-feather-parrot/99900_FDPHFthr_Par_5lb.jpg"),
(32, 15, "https://m.media-amazon.com/images/I/71P4ceonxWL._AC_SL1500_.jpg"),
(33, 15, "https://m.media-amazon.com/images/I/71gmKP-7xVL._AC_SL1500_.jpg"),
(34, 15, "https://m.media-amazon.com/images/I/718MeXwlv4L._AC_SL1500_.jpg"),
(35, 16, "https://www.amigales.cl/media/catalog/product/cache/5a453bbcf6069c8289aeb5e805e7ef39/t/e/tetramin_flakes_10l_01.jpg"),
(36, 16, "https://www.amigales.cl/media/catalog/product/cache/5a453bbcf6069c8289aeb5e805e7ef39/t/e/tetramin_flakes_02.jpg"),
(37, 17, "https://www.shop.repashy.com/cdn/shop/files/CrestedGeckoClassicGroup.jpg?v=1687282128&width=713"),
(38, 17, "https://www.shop.repashy.com/cdn/shop/files/CrestedGeckoClassic3ozJar.jpg?v=1687282128&width=713"),
(39, 17, "https://www.shop.repashy.com/cdn/shop/files/CrestedGecko-Classic.jpg?v=1687282128&width=713"),
(40, 18, "https://m.media-amazon.com/images/I/81gwPS3rCUL._AC_SL1500_.jpg"),
(41, 18, "https://m.media-amazon.com/images/I/81AjvvMvvdL._AC_SL1500_.jpg"),
(42, 18, "https://m.media-amazon.com/images/I/21OlWolQ9ZL._AC_.jpg"),
(43, 19, "https://www.petslandia.cl/wp-content/uploads/2021/09/WhatsApp-Image-2021-09-07-at-15.54.06.jpeg"),
(44, 20, "https://barfood.cl/wp-content/uploads/2022/06/Medida-y-tabla-razas-grandes-vacuno-2.jpg"),
(45, 20, "https://barfood.cl/wp-content/uploads/2021/04/INGREDIENTES-VACUNO2.jpg"),
(46, 20, "https://barfood.cl/wp-content/uploads/2021/04/INGREDIENTES-VACUNO2.jpg"),
(47, 21, "https://www.clubdeperrosygatos.cl/wp-content/uploads/2020/08/worldsbestcatlitteroriginalclumpingformula7448.jpg"),
(48, 21, "https://www.clubdeperrosygatos.cl/wp-content/uploads/2020/08/worldsbestcatlitteroriginalclumpingformula7448.jpg"),
(49, 22, "https://m.media-amazon.com/images/I/817h121sYhL._AC_SL1500_.jpg"),
(50, 22, "https://m.media-amazon.com/images/I/71VZhX+8G+L._AC_SL1500_.jpg"),
(51, 22, "https://m.media-amazon.com/images/I/71V1Gdjd+kL._AC_SL1500_.jpg"),
(52, 23, "https://cdn.shopify.com/s/files/1/0576/8881/7835/products/91_c240f54a-82cc-4492-9892-5bccd15bb067.jpg?v=1644045862"),
(53, 23, "https://cdn.shopify.com/s/files/1/0576/8881/7835/files/0_a8e19cb5-05de-4542-ac9d-6616cd9206f2.jpg?v=1720941989"),
(54, 24, "https://www.bigos.cl/9280-superlarge_default/pet-naturals-calmante-para-perros-45-grs.jpg"),
(55, 24, "https://www.bigos.cl/9279-superlarge_default/pet-naturals-calmante-para-perros-45-grs.jpg"),
(56, 25, "https://m.media-amazon.com/images/I/81WEDY+jkzL._AC_SL1500_.jpg"),
(57, 25, "https://m.media-amazon.com/images/I/81osKZbKoTL._AC_SL1500_.jpg"),
(58, 25, "https://m.media-amazon.com/images/I/71jKjm87k4L._AC_SL1500_.jpg"),
(59, 26, "https://www.clubdeperrosygatos.cl/wp-content/uploads/2018/09/kong-classic-ESTA-SI.jpg"),
(60, 26, "https://www.clubdeperrosygatos.cl/wp-content/uploads/2018/09/kong-classic-ESTA-SI.jpg"),
(61, 27, "https://cdnx.jumpseller.com/misterpet-cl/image/42615750/resize/610/610?1700873968"),
(62, 28, "https://m.media-amazon.com/images/I/81-Kx6t7nuL._AC_SL1500_.jpg"),
(63, 28, "https://m.media-amazon.com/images/I/71P5idmP5SL._AC_SL1500_.jpg"),
(64, 28, "https://m.media-amazon.com/images/I/71EKsVkYrFL._AC_SL1500_.jpg"),
(65, 29, "https://www.petco.cl/medias/1200ftw-141176.jpg?context=bWFzdGVyfHJvb3R8NzQwMzN8aW1hZ2UvanBlZ3xoYzcvaGQ0LzEwNzE4NjIxMzY4MzUwLzEyMDBmdHdfMTQxMTc2LmpwZ3w4ODVkOTRkM2U0MzMwYjBmN2IzMGU3NzQ4ZDc2MzQ3MjZkNTdiY2U4ZWFiZTk4ZjAyNGU4NzE3ZjMwMzM2MzE5"),
(66, 30, "https://thedogs.cl/cdn/shop/files/WhatsApp_Image_2024-06-06_at_11.51.33_750x750.jpg?v=1718464571"),
(67, 30, "https://thedogs.cl/cdn/shop/files/built-in_safety_belt_non-slip_bottom_seatbelt_pockets_480x480.png?v=1718464641"),
(68, 30, "https://thedogs.cl/cdn/shop/files/7_e1325ad9-b3f8-4c4d-8db9-6f3683414ebf_1_1_480x480.webp?v=1718464641"),
(69, 31, "https://d2pa97dl1lg52b.cloudfront.net/productlistingpagelayouts/fc9c558eecf208b659ddd133682bdad4082eb133.png?1725563505"),
(70, 31, "https://d2pa97dl1lg52b.cloudfront.net/productlistingpagelayouts/c80e0c25081c3b9cae5edb1cd47731c8c84e0d90.png?1725563504"),
(71, 31, "https://d2pa97dl1lg52b.cloudfront.net/productlistingpagelayouts/3de5fba23d5f72df8c38d26c00b8197ca375ddab.png?1725563507"),
(72, 32, "https://www.chewy.com/static/spa/chewy-pdp-ui/_next/static/media/customer-photos.eb9744f3.jpg"),
(73, 32, "https://image.chewy.com/is/image/catalog/363492_PT1._AC_SL1200_V1643210244_.jpg"),
(74, 32, "https://image.chewy.com/is/image/catalog/363492_MAIN._AC_SL1200_V1643224358_.jpg"),
(75, 33, "https://m.media-amazon.com/images/I/71LY6CCR78L._AC_SL1500_.jpg"),
(76, 33, "https://m.media-amazon.com/images/I/61bT28f54FL._AC_SL1500_.jpg"),
(77, 33, "https://m.media-amazon.com/images/I/61bJXqerCDL._AC_SL1500_.jpg"),
(78, 34, "https://m.media-amazon.com/images/I/81XUjPV9YqL._AC_SL1500_.jpg"),
(79, 34, "https://m.media-amazon.com/images/I/81FXySDo5OL._AC_SL1500_.jpg"),
(80, 34, "https://m.media-amazon.com/images/I/71AEBGDnsUL._AC_SL1494_.jpg"),
(81, 35, "https://m.media-amazon.com/images/I/71x-9rJlskL._AC_SL1386_.jpg"),
(82, 35, "https://m.media-amazon.com/images/I/71Tr8Is3gOL._AC_SL1500_.jpg"),
(83, 35, "https://m.media-amazon.com/images/I/71fU7sVe7EL._AC_SL1500_.jpg"),
(84, 36, "https://m.media-amazon.com/images/I/812F8cTlQCL._AC_SL1500_.jpg"),
(85, 36, "https://m.media-amazon.com/images/I/71QaVHD-ZDL._AC_SL1500_.jpg"),
(86, 36, "https://m.media-amazon.com/images/I/61bhAk1YmoL._AC_SL1500_.jpg"),
(87, 37, "https://image.chewy.com/is/image/catalog/90136_PT3._AC_SL1200_V1589560965_.jpg"),
(88, 37, "https://image.chewy.com/is/image/catalog/90136_PT2._AC_SL1200_V1589560932_.jpg"),
(89, 37, "https://image.chewy.com/is/image/catalog/90136_MAIN._AC_SL1200_V1589560932_.jpg"),
(90, 38, "https://www.goobypet.com/cdn/shop/files/72233-zip-up-sherpa-vest-pink-side-view-2048x2048px-tinified_jpg.jpg?v=1697183956&width=900"),
(91, 38, "https://www.goobypet.com/cdn/shop/files/72233-nala-maltese-mix-wearing-gooby-zip-up-sherpa-vest-in-pink-sitting-down-side-view-2048x2048px-tinified.jpg?v=1696985315&width=900"),
(92, 38, "https://www.goobypet.com/cdn/shop/files/72233-nala-maltese-mix-wearing-gooby-zip-up-sherpa-vest-in-pink-sitting-down-front-view-2048x2048px-tinified.jpg?v=1696985315&width=900"),
(93, 39, "https://encrypted-tbn3.gstatic.com/shopping?q=tbn:ANd9GcQjXMsJjpRDDEFFnHvpUdksyT95PAtx9SWD4wx97YiYi_eAFbb5J1m98LbO9PeSXtlGuC1GcThM-gcJhynJ-6k1mXoyGCUDcl31GglreBUtVO2nO9uzc4U8&usqp=CAE"),
(94, 40, "https://m.media-amazon.com/images/I/71VFkDjljwL.__AC_SX300_SY300_QL70_FMwebp_.jpg"),
(95, 40, "https://m.media-amazon.com/images/I/71TK9QV2vAL._AC_SX425_.jpg"),
(96, 41, "https://m.media-amazon.com/images/I/71UVgdOvzoL._AC_SL1500_.jpg"),
(97, 41, "https://m.media-amazon.com/images/I/71qW1ApdXaL._AC_SL1500_.jpg"),
(98, 41, "https://m.media-amazon.com/images/I/71fiTJVBk+L._AC_SL1500_.jpg"),
(99, 42, "https://imagedelivery.net/4fYuQyy-r8_rpBpcY7lH_A/falabellaCL/120481594_01/w=1500,h=1500,fit=pad"),
(100, 43, "https://socopetbed.com/cdn/shop/products/pinkandsheep_pet-dog-cushion-thickened-dog-blanket-be_variants-3_700x700.jpg?v=1654706600"),
(101, 43, "https://socopetbed.com/cdn/shop/products/Navyandcat_pet-dog-cushion-thickened-dog-blanket-be_variants-2_700x700.jpg?v=1654706581"),
(102, 43, "https://socopetbed.com/cdn/shop/products/blueandstar_pet-dog-cushion-thickened-dog-blanket-be_variants-7_700x700.jpg?v=1654706623"),
(103, 44, "https://static.wixstatic.com/media/4015b3_fd5cbf49b7bd436aab6a885a03b6ce37~mv2.jpeg/v1/fill/w_500,h_500,al_c,q_80,usm_0.66_1.00_0.01,enc_auto/4015b3_fd5cbf49b7bd436aab6a885a03b6ce37~mv2.jpeg"),
(104, 44, "https://static.wixstatic.com/media/4015b3_75134f360915456d86b634880b1d01a1~mv2.jpeg/v1/fill/w_500,h_500,al_c,q_80,usm_0.66_1.00_0.01,enc_auto/4015b3_75134f360915456d86b634880b1d01a1~mv2.jpeg"),
(105, 44, "https://static.wixstatic.com/media/4015b3_4233dc55fc744f30bc728711c5442f03~mv2.jpeg/v1/fill/w_500,h_500,al_c,q_80,usm_0.66_1.00_0.01,enc_auto/4015b3_4233dc55fc744f30bc728711c5442f03~mv2.jpeg"),
(106, 45, "https://m.media-amazon.com/images/I/91P06nVKrUL._AC_SL1500_.jpg"),
(107, 45, "https://m.media-amazon.com/images/I/81fw3524GOL._AC_SL1500_.jpg"),
(108, 45, "https://m.media-amazon.com/images/I/712Up+ekq7L._AC_SL1500_.jpg"),
(109, 46, "https://www.bpets.cl/cdn/shop/files/Royal-Canin-Anallergenic-Perro-8Kg_11zon_2048x2048.webp?v=1729355379"),
(110, 46, "https://www.bpets.cl/cdn/shop/files/Royal-Canin-Anallergenic-nutricion_11zon_2048x2048.webp?v=1729355383"),
(111, 46, "https://www.bpets.cl/cdn/shop/files/Royal-Canin-Anallergenic-Beneficios_11zon_2048x2048.webp?v=1729355381"),
(112, 47, "https://www.clubdeperrosygatos.cl/wp-content/uploads/2020/10/sd-canine-adult-sensitive-stomach-and-skin-dry-productShot_500.png"),
(113, 47, "https://www.clubdeperrosygatos.cl/wp-content/uploads/2020/10/sd-canine-adult-sensitive-stomach-and-skin-dry-productShot_500.png"),
(114, 48, "https://www.purina.com/_gatsby/image/c7acb052c5114ad5fe7cc1b5bd27ec03/c36b855aa1f5fb641ad91723b483f8b5/PP_DRY_DOG_CE_SHRD_CKNRC_FEED.avif?u=https%3A%2F%2Fwww.purina.com%2Fsites%2Fdefault%2Ffiles%2Fproducts%2FPP_DRY_DOG_CE_SHRD_CKNRC_FEED.jpg&a=w%3D1000%26h%3D1000%26fm%3Davif%26q%3D75&cd=022ba9a7e589a7d10a247e5fec9a9a9c"),
(115, 48, "https://www.purina.com/_gatsby/image/9d438accf5db142a5ee8413745f36f6f/c36b855aa1f5fb641ad91723b483f8b5/ppdog_ce_a_shrdblnd_chknrc_hero_f_20.avif?u=https%3A%2F%2Fwww.purina.com%2Fsites%2Fdefault%2Ffiles%2Fproducts%2F2022-11%2Fppdog_ce_a_shrdblnd_chknrc_hero_f_20.png&a=w%3D1000%26h%3D1000%26fm%3Davif%26q%3D75&cd=85610b47f42d1e23a8226ae381e490b7"),
(116, 48, "https://www.purina.com/_gatsby/image/927b816c969e346edbe9483d39043ee0/7d5f95e0435891d1ac6df0357659d982/PP1900_SAVOR_A_ChknRc_KBL_CK10.avif?u=https%3A%2F%2Fwww.purina.com%2Fsites%2Fdefault%2Ffiles%2Fproducts%2FPP1900_SAVOR_A_ChknRc_KBL_CK10.png&a=w%3D800%26h%3D1000%26fm%3Davif%26q%3D75&cd=fbeac105c9a93022199dc0acc44afd34"),
(117, 49, "https://bestforpets.cl/tienda/16773-large_default/orijen-six-fish-dog.jpg"),
(118, 49, "https://bestforpets.cl/tienda/16772-large_default/orijen-six-fish-dog.jpg"),
(119, 50, "https://www.superzoo.cl/on/demandware.static/-/Sites-SuperZoo-master-catalog/default/dwda62db07/images/7693d-ds-acana-dog-free-run-poultry-recipe-back-4.5lb.jpg"),
(120, 50, "https://www.superzoo.cl/on/demandware.static/-/Sites-SuperZoo-master-catalog/default/dw4adc3056/images/19939-ds-acana-dog-free-run-poultry-recipe-front-4.5lb.jpg"),
(121, 50, "https://www.superzoo.cl/on/demandware.static/-/Sites-SuperZoo-master-catalog/default/dw4adc3056/images/19939-ds-acana-dog-free-run-poultry-recipe-front-4.5lb.jpg");